id,nom,latitude,longitude
COMMERCES_0,Commerces 0,48.87236020309894,2.372245417056283
COMMERCES_1,Commerces 1,48.892588535775694,2.3173324135880264
COMMERCES_2,Commerces 2,48.88505395942976,2.402830353267619
COMMERCES_3,Commerces 3,48.87647382728961,2.371465231963682
COMMERCES_4,Commerces 4,48.88384368903701,2.3594859710239557
COMMERCES_5,Commerces 5,48.858336450948364,2.35706181982624
COMMERCES_6,Commerces 6,48.84242607932337,2.426520607922176
COMMERCES_7,Commerces 7,48.87881889113629,2.406521431395001
COMMERCES_8,Commerces 8,48.8170974795624,2.419760173502278
COMMERCES_9,Commerces 9,48.819913807470265,2.3918436619581045
COMMERCES_10,Commerces 10,48.8621144831357,2.3282927343092323
COMMERCES_11,Commerces 11,48.875811546562446,2.4288237546472757
COMMERCES_12,Commerces 12,48.824021188003265,2.4059318955779196
COMMERCES_13,Commerces 13,48.82850374886704,2.2806920131602553
COMMERCES_14,Commerces 14,48.89211094464391,2.2805832617101234
COMMERCES_15,Commerces 15,48.843298350240836,2.374581337286487
COMMERCES_16,Commerces 16,48.88214453675766,2.3365123870408757
COMMERCES_17,Commerces 17,48.87696070383614,2.392293025696628
COMMERCES_18,Commerces 18,48.84556179622675,2.417438626461808
COMMERCES_19,Commerces 19,48.86933768852302,2.363354539107407
COMMERCES_20,Commerces 20,48.84164918201728,2.3124708754436236
COMMERCES_21,Commerces 21,48.84515596778651,2.2887813677702384
COMMERCES_22,Commerces 22,48.88890304873086,2.3151815900606785
COMMERCES_23,Commerces 23,48.837167552922246,2.384765031442622
COMMERCES_24,Commerces 24,48.8907033977433,2.2866411770714787
COMMERCES_25,Commerces 25,48.86182643422193,2.3017894080986085
COMMERCES_26,Commerces 26,48.88711823756134,2.338509208486638
COMMERCES_27,Commerces 27,48.836963642814396,2.338130612205522
COMMERCES_28,Commerces 28,48.86072910532963,2.3432612568618136
COMMERCES_29,Commerces 29,48.84106208041858,2.3861264398571533
COMMERCES_30,Commerces 30,48.84019132646332,2.352104369533715
COMMERCES_31,Commerces 31,48.86197570673985,2.3863402468535604
COMMERCES_32,Commerces 32,48.844324253689706,2.364730991461937
COMMERCES_33,Commerces 33,48.878608688048104,2.272339892865771
COMMERCES_34,Commerces 34,48.886449283738635,2.377363841223082
COMMERCES_35,Commerces 35,48.8189917823663,2.3314304252821696
COMMERCES_36,Commerces 36,48.816851569562296,2.3664609929357012
COMMERCES_37,Commerces 37,48.86788309190614,2.4076570470917598
COMMERCES_38,Commerces 38,48.85483197210236,2.350774804951198
COMMERCES_39,Commerces 39,48.846313302733435,2.4081680463232753
COMMERCES_40,Commerces 40,48.871813229502344,2.3652054912731204
COMMERCES_41,Commerces 41,48.85985537028209,2.426240432796395
COMMERCES_42,Commerces 42,48.874060500922916,2.366547733694259
COMMERCES_43,Commerces 43,48.875520972686765,2.373453821705542
COMMERCES_44,Commerces 44,48.81805976798476,2.2883531695639086
COMMERCES_45,Commerces 45,48.881424389314425,2.39419208817443
COMMERCES_46,Commerces 46,48.820481404031284,2.2758287523461136
COMMERCES_47,Commerces 47,48.85087946666175,2.330957234668279
COMMERCES_48,Commerces 48,48.825282056130895,2.421534208262021
COMMERCES_49,Commerces 49,48.87870690075807,2.3783832509259075
COMMERCES_50,Commerces 50,48.89581405101943,2.4246111486340878
COMMERCES_51,Commerces 51,48.87966959960719,2.287517759487301
COMMERCES_52,Commerces 52,48.89133956150313,2.3688479577146886
COMMERCES_53,Commerces 53,48.84852576039755,2.366559179416546
COMMERCES_54,Commerces 54,48.8589486230832,2.3442073738072917
COMMERCES_55,Commerces 55,48.819926092190606,2.366247885489909
COMMERCES_56,Commerces 56,48.837173116069934,2.293475313912913
COMMERCES_57,Commerces 57,48.86248481211495,2.4110516027699123
COMMERCES_58,Commerces 58,48.88763953659478,2.3126210710769795
COMMERCES_59,Commerces 59,48.85591843970323,2.29732720834187
COMMERCES_60,Commerces 60,48.86895838469596,2.4152835271710047
COMMERCES_61,Commerces 61,48.8830746351641,2.353678170826629
COMMERCES_62,Commerces 62,48.84872581989671,2.3931236577003023
COMMERCES_63,Commerces 63,48.87995983524887,2.364171129313553
COMMERCES_64,Commerces 64,48.8610599627866,2.3804828501326383
COMMERCES_65,Commerces 65,48.870852581937164,2.2910045744466254
COMMERCES_66,Commerces 66,48.87746452786413,2.3648687773558636
COMMERCES_67,Commerces 67,48.8723716217995,2.2836277489435153
COMMERCES_68,Commerces 68,48.845245915510795,2.3229657895082028
COMMERCES_69,Commerces 69,48.84137069275248,2.3515954845409
COMMERCES_70,Commerces 70,48.87694041093427,2.391229404987964
COMMERCES_71,Commerces 71,48.890809056730674,2.3971812644879362
COMMERCES_72,Commerces 72,48.83711508659507,2.3130241022569993
COMMERCES_73,Commerces 73,48.83308808779308,2.349831420418779
COMMERCES_74,Commerces 74,48.87852196758363,2.426383679048445
COMMERCES_75,Commerces 75,48.817507868217895,2.2916004898626126
COMMERCES_76,Commerces 76,48.84737591366412,2.3238462514306852
COMMERCES_77,Commerces 77,48.85762536028222,2.3561791201857942
COMMERCES_78,Commerces 78,48.84090556488454,2.3390921171017127
COMMERCES_79,Commerces 79,48.89498606273295,2.2765916970462503
COMMERCES_80,Commerces 80,48.88562462407722,2.348058126902156
COMMERCES_81,Commerces 81,48.873590996944614,2.3748841007264154
COMMERCES_82,Commerces 82,48.86675643501848,2.3369078254988342
COMMERCES_83,Commerces 83,48.86419504247898,2.291716035387059
COMMERCES_84,Commerces 84,48.84320324274287,2.419673375934584
COMMERCES_85,Commerces 85,48.866355719817555,2.3484885872179047
COMMERCES_86,Commerces 86,48.85392135640843,2.293291871563324
COMMERCES_87,Commerces 87,48.88344962881575,2.319159922089022
COMMERCES_88,Commerces 88,48.8534810045093,2.36733589070064
COMMERCES_89,Commerces 89,48.860123580317065,2.4288198293149206
COMMERCES_90,Commerces 90,48.89317044647902,2.3194076208518033
COMMERCES_91,Commerces 91,48.895500228524426,2.384603016555793
COMMERCES_92,Commerces 92,48.826092857808526,2.3981439936760367
COMMERCES_93,Commerces 93,48.82079405972962,2.289159554083593
COMMERCES_94,Commerces 94,48.85478903984405,2.3707302359577276
COMMERCES_95,Commerces 95,48.831325613026955,2.382668135298336
COMMERCES_96,Commerces 96,48.84602126448592,2.3772846123713243
COMMERCES_97,Commerces 97,48.857844938978545,2.358656074350335
COMMERCES_98,Commerces 98,48.86783468591539,2.3355687248566808
COMMERCES_99,Commerces 99,48.89372594175142,2.3077863915709487
COMMERCES_100,Commerces 100,48.82305594333437,2.4184950406506007
COMMERCES_101,Commerces 101,48.81948579332098,2.4037865353594476
COMMERCES_102,Commerces 102,48.89562964630808,2.3499875904345346
COMMERCES_103,Commerces 103,48.82325969389676,2.2885955428401403
COMMERCES_104,Commerces 104,48.837178235584304,2.4244467893770074
COMMERCES_105,Commerces 105,48.88119622030568,2.274222558626854
COMMERCES_106,Commerces 106,48.88785515052909,2.4064583628143814
COMMERCES_107,Commerces 107,48.85439845757521,2.427718436228478
COMMERCES_108,Commerces 108,48.88686682203755,2.3203570628339913
COMMERCES_109,Commerces 109,48.864192177723886,2.3934813373583586
COMMERCES_110,Commerces 110,48.86886333177479,2.4000218973035015
COMMERCES_111,Commerces 111,48.85330177794949,2.339505405651941
COMMERCES_112,Commerces 112,48.85503186172394,2.2800638350687836
COMMERCES_113,Commerces 113,48.839681220312116,2.2888579240222113
COMMERCES_114,Commerces 114,48.850357299279054,2.415353675094604
COMMERCES_115,Commerces 115,48.84715463066511,2.3392217287214865
COMMERCES_116,Commerces 116,48.871140646779814,2.3195379319754124
COMMERCES_117,Commerces 117,48.83008931754898,2.351584176819754
COMMERCES_118,Commerces 118,48.883177056531046,2.400969293524679
COMMERCES_119,Commerces 119,48.87744945860268,2.385869292279257
COMMERCES_120,Commerces 120,48.88749955151466,2.3590730797792854
COMMERCES_121,Commerces 121,48.84805017630288,2.3450101663394296
COMMERCES_122,Commerces 122,48.81922598248696,2.408835724215171
COMMERCES_123,Commerces 123,48.81689068929136,2.3867070586580947
COMMERCES_124,Commerces 124,48.88272601707935,2.296459941787499
COMMERCES_125,Commerces 125,48.84058992338769,2.3270503422795805
COMMERCES_126,Commerces 126,48.86132258019276,2.317206839358378
COMMERCES_127,Commerces 127,48.871342294921874,2.4010247840858385
COMMERCES_128,Commerces 128,48.864119154328215,2.350112052400732
COMMERCES_129,Commerces 129,48.81916847667402,2.3219021933378494
COMMERCES_130,Commerces 130,48.87386791361359,2.3179477395855286
COMMERCES_131,Commerces 131,48.82604779362919,2.2886200490916253
COMMERCES_132,Commerces 132,48.862383991395916,2.3826595361366425
COMMERCES_133,Commerces 133,48.868646431224285,2.4220341173128936
COMMERCES_134,Commerces 134,48.83515979931415,2.322843430700887
COMMERCES_135,Commerces 135,48.86763872642464,2.2891908552099474
COMMERCES_136,Commerces 136,48.81921248071418,2.384125590327148
COMMERCES_137,Commerces 137,48.84645244947891,2.4064327095152076
COMMERCES_138,Commerces 138,48.87158513393211,2.3211929268761256
COMMERCES_139,Commerces 139,48.82497384860083,2.4187221184403023
COMMERCES_140,Commerces 140,48.8217273844364,2.2980998402115214
COMMERCES_141,Commerces 141,48.87869806800532,2.328211712129416
COMMERCES_142,Commerces 142,48.839985283895246,2.400988875368355
COMMERCES_143,Commerces 143,48.88542871372378,2.353571605563591
COMMERCES_144,Commerces 144,48.88738018156314,2.2921899260071337
COMMERCES_145,Commerces 145,48.8345900429427,2.4216181701000865
COMMERCES_146,Commerces 146,48.876437394026574,2.3555639976981766
COMMERCES_147,Commerces 147,48.869824197917104,2.365190704466209
COMMERCES_148,Commerces 148,48.81955852231693,2.340688057644318
COMMERCES_149,Commerces 149,48.84738290119206,2.4118524275886766
COMMERCES_150,Commerces 150,48.894027690512495,2.3456547501755485
COMMERCES_151,Commerces 151,48.871131981243124,2.356804959335067
COMMERCES_152,Commerces 152,48.86667129420656,2.4073453860810012
COMMERCES_153,Commerces 153,48.891125543634324,2.2938437421715823
COMMERCES_154,Commerces 154,48.848077523696624,2.3596209366322975
COMMERCES_155,Commerces 155,48.85992560646923,2.2895910054129587
COMMERCES_156,Commerces 156,48.8356269027918,2.3771588548751987
COMMERCES_157,Commerces 157,48.82250572501226,2.380036379018321
COMMERCES_158,Commerces 158,48.818733027783836,2.275212172786838
COMMERCES_159,Commerces 159,48.88663106420486,2.3166266322139024
COMMERCES_160,Commerces 160,48.820036498844935,2.409594455748559
COMMERCES_161,Commerces 161,48.840113361111726,2.277450687676366
COMMERCES_162,Commerces 162,48.878380551613276,2.387413534218265
COMMERCES_163,Commerces 163,48.87670936889161,2.2885761349129323
COMMERCES_164,Commerces 164,48.88181088923657,2.3253899523455095
COMMERCES_165,Commerces 165,48.8305947631581,2.4217828316326937
COMMERCES_166,Commerces 166,48.880582412845534,2.337969001207554
COMMERCES_167,Commerces 167,48.823511208198326,2.398930163344305
COMMERCES_168,Commerces 168,48.852193048166434,2.2766176217650886
COMMERCES_169,Commerces 169,48.85876750359652,2.426004321304611
COMMERCES_170,Commerces 170,48.875728116105925,2.4043114795863665
COMMERCES_171,Commerces 171,48.88546897869104,2.3537762253669574
COMMERCES_172,Commerces 172,48.88052330743665,2.381948337796254
COMMERCES_173,Commerces 173,48.8683419353711,2.356385408774502
COMMERCES_174,Commerces 174,48.8720116859892,2.2925175333459857
COMMERCES_175,Commerces 175,48.83069685282238,2.3454438557857724
COMMERCES_176,Commerces 176,48.83956699474194,2.386600458703868
COMMERCES_177,Commerces 177,48.85752066431613,2.41342524656946
COMMERCES_178,Commerces 178,48.871490351603455,2.2961840881271907
COMMERCES_179,Commerces 179,48.835704134067946,2.372391972362228
COMMERCES_180,Commerces 180,48.891611930460385,2.3050383212595404
COMMERCES_181,Commerces 181,48.82524476159775,2.412013399706324
COMMERCES_182,Commerces 182,48.8585382416434,2.3125381331370285
COMMERCES_183,Commerces 183,48.835181736670464,2.4221251623110467
COMMERCES_184,Commerces 184,48.83706722203755,2.400250215108349
COMMERCES_185,Commerces 185,48.879500241305834,2.3554509493273903
COMMERCES_186,Commerces 186,48.89070653560381,2.2975440312380915
COMMERCES_187,Commerces 187,48.865966272193674,2.293622644964384
COMMERCES_188,Commerces 188,48.87774327772133,2.2873479760553406
COMMERCES_189,Commerces 189,48.82062340019302,2.3785874149582105
COMMERCES_190,Commerces 190,48.822344617165726,2.431448099965737
COMMERCES_191,Commerces 191,48.88552391622656,2.387506583573909
COMMERCES_192,Commerces 192,48.872274609868235,2.3262994383167137
COMMERCES_193,Commerces 193,48.81784055932078,2.357485301907435
COMMERCES_194,Commerces 194,48.817334772559214,2.315557933956666
COMMERCES_195,Commerces 195,48.88979073797577,2.3600792769554984
COMMERCES_196,Commerces 196,48.823146226385795,2.3132193763847186
COMMERCES_197,Commerces 197,48.88676546364063,2.417191209132355
COMMERCES_198,Commerces 198,48.855099309468194,2.3442013256150322
COMMERCES_199,Commerces 199,48.88609841308596,2.319112605943494
COMMERCES_200,Commerces 200,48.8487789431314,2.420778765234871
COMMERCES_201,Commerces 201,48.89052921170964,2.3712768223627516
COMMERCES_202,Commerces 202,48.82642782278828,2.304264357228054
COMMERCES_203,Commerces 203,48.88852656671126,2.275902676024643
COMMERCES_204,Commerces 204,48.889623273806166,2.388857476388654
COMMERCES_205,Commerces 205,48.87176728512488,2.416505686163027
COMMERCES_206,Commerces 206,48.86051618984009,2.2781881791332417
COMMERCES_207,Commerces 207,48.87227224755251,2.395723687536084
COMMERCES_208,Commerces 208,48.87261845289953,2.4198745702835263
COMMERCES_209,Commerces 209,48.83084755131367,2.3051334970976254
COMMERCES_210,Commerces 210,48.849157033455555,2.3690009836852806
COMMERCES_211,Commerces 211,48.89074646752872,2.373586951193593
COMMERCES_212,Commerces 212,48.870873002718746,2.356653613268806
COMMERCES_213,Commerces 213,48.85986167194254,2.4264879720404573
COMMERCES_214,Commerces 214,48.89558126862466,2.33488840204556
COMMERCES_215,Commerces 215,48.877514537212235,2.4222203954327908
COMMERCES_216,Commerces 216,48.82659020879481,2.383509590568618
COMMERCES_217,Commerces 217,48.86994251703139,2.3197383504385938
COMMERCES_218,Commerces 218,48.83897671592953,2.4089718533894335
COMMERCES_219,Commerces 219,48.87933767563213,2.3223948195000585
COMMERCES_220,Commerces 220,48.88796605487828,2.41203701492568
COMMERCES_221,Commerces 221,48.87612612823009,2.419152652451652
COMMERCES_222,Commerces 222,48.88849638256787,2.342305703986868
COMMERCES_223,Commerces 223,48.86850856919763,2.3156413057459506
COMMERCES_224,Commerces 224,48.82616128241525,2.3895473998887877
COMMERCES_225,Commerces 225,48.83547816488372,2.378811858966134
COMMERCES_226,Commerces 226,48.867441158728795,2.3213290285978663
COMMERCES_227,Commerces 227,48.862122399835314,2.3356010262806963
COMMERCES_228,Commerces 228,48.84320656616232,2.3593234015971323
COMMERCES_229,Commerces 229,48.84698475951083,2.286712643531006
COMMERCES_230,Commerces 230,48.88752229676242,2.3849222668434558
COMMERCES_231,Commerces 231,48.86299517232428,2.3199331366723692
COMMERCES_232,Commerces 232,48.84494235925472,2.332464586926196
COMMERCES_233,Commerces 233,48.85275590151067,2.4207998540966047
COMMERCES_234,Commerces 234,48.88074682961424,2.4086546151697386
COMMERCES_235,Commerces 235,48.860539570626116,2.413790425934972
COMMERCES_236,Commerces 236,48.85567708226821,2.3947238078047435
COMMERCES_237,Commerces 237,48.887401817325866,2.319951008608896
COMMERCES_238,Commerces 238,48.887310951408516,2.4267546023696696
COMMERCES_239,Commerces 239,48.869049921413506,2.3132552099464068
COMMERCES_240,Commerces 240,48.87074369559147,2.386151753643206
COMMERCES_241,Commerces 241,48.8254566104183,2.415267333238126
COMMERCES_242,Commerces 242,48.8174712188768,2.4065153653383664
COMMERCES_243,Commerces 243,48.85196958986291,2.2931504997618375
COMMERCES_244,Commerces 244,48.819913300458865,2.2900459061296066
COMMERCES_245,Commerces 245,48.884307602505565,2.3080239244203113
COMMERCES_246,Commerces 246,48.81784640823738,2.372460589525978
COMMERCES_247,Commerces 247,48.85285688551917,2.279198457315316
COMMERCES_248,Commerces 248,48.870975875957534,2.328162899912075
COMMERCES_249,Commerces 249,48.88834502979296,2.3931107406029306
COMMERCES_250,Commerces 250,48.87402592776718,2.4172115208590297
COMMERCES_251,Commerces 251,48.87156950387143,2.299803211442525
COMMERCES_252,Commerces 252,48.82071818297987,2.293242215184589
COMMERCES_253,Commerces 253,48.887276823833055,2.360498013179008
COMMERCES_254,Commerces 254,48.86959604233468,2.2787915641109224
COMMERCES_255,Commerces 255,48.81784239250515,2.4175500785498203
COMMERCES_256,Commerces 256,48.888054253684146,2.3203127823530214
COMMERCES_257,Commerces 257,48.87164046414438,2.3127361325788636
COMMERCES_258,Commerces 258,48.887690555185884,2.392944506614711
COMMERCES_259,Commerces 259,48.8814108777133,2.2796759392362933
COMMERCES_260,Commerces 260,48.838802422913716,2.374711189605673
COMMERCES_261,Commerces 261,48.82388473419214,2.401266923627116
COMMERCES_262,Commerces 262,48.87626725305474,2.3752334354227496
COMMERCES_263,Commerces 263,48.86889056018019,2.414426002813834
COMMERCES_264,Commerces 264,48.8778037355985,2.3131656081441783
COMMERCES_265,Commerces 265,48.831085586049916,2.3852209643860975
COMMERCES_266,Commerces 266,48.83999269507058,2.328529608663255
COMMERCES_267,Commerces 267,48.82531817998198,2.4013023531194597
COMMERCES_268,Commerces 268,48.85013957768355,2.2735926193796945
COMMERCES_269,Commerces 269,48.88444240862996,2.3503141856481884
COMMERCES_270,Commerces 270,48.89256931178054,2.4259540478459014
COMMERCES_271,Commerces 271,48.83951363839566,2.2730075281586184
COMMERCES_272,Commerces 272,48.86802599715278,2.3801530558363275
COMMERCES_273,Commerces 273,48.83667318200531,2.3446791634442645
COMMERCES_274,Commerces 274,48.85906717938339,2.310381945120623
COMMERCES_275,Commerces 275,48.86697585814195,2.275140588381889
COMMERCES_276,Commerces 276,48.8586656098863,2.3875695491196813
COMMERCES_277,Commerces 277,48.86711451269164,2.4162267275426155
COMMERCES_278,Commerces 278,48.857927551071555,2.3479053313102694
COMMERCES_279,Commerces 279,48.89357082621653,2.321717614254957
COMMERCES_280,Commerces 280,48.846253220584416,2.4058790422049037
COMMERCES_281,Commerces 281,48.877589781518175,2.3700417635426225
COMMERCES_282,Commerces 282,48.820677124107824,2.3889153098721296
COMMERCES_283,Commerces 283,48.8309663673878,2.3694009801652056
COMMERCES_284,Commerces 284,48.88200796687796,2.281574979429746
COMMERCES_285,Commerces 285,48.86215554405384,2.396415514689531
COMMERCES_286,Commerces 286,48.84566482622143,2.307022676500941
COMMERCES_287,Commerces 287,48.846199356649336,2.3230184524578448
COMMERCES_288,Commerces 288,48.866706174937185,2.38348043326254
COMMERCES_289,Commerces 289,48.81915889289465,2.3268668121465197
COMMERCES_290,Commerces 290,48.86699318658388,2.2966418900262378
COMMERCES_291,Commerces 291,48.879410017677515,2.367837338738441
COMMERCES_292,Commerces 292,48.81930772919486,2.2853284815421926
COMMERCES_293,Commerces 293,48.87933346288294,2.3305352432413287
COMMERCES_294,Commerces 294,48.84418972070226,2.400278871287092
COMMERCES_295,Commerces 295,48.82239343771087,2.3936276008554715
COMMERCES_296,Commerces 296,48.84656516118719,2.362675412413559
COMMERCES_297,Commerces 297,48.88785833752022,2.3057998553461756
COMMERCES_298,Commerces 298,48.88407504130513,2.3757337972824564
COMMERCES_299,Commerces 299,48.85652408905276,2.2833864659827205
COMMERCES_300,Commerces 300,48.85099741659591,2.423220440361853
COMMERCES_301,Commerces 301,48.82476855643757,2.37275561679498
COMMERCES_302,Commerces 302,48.84309532512849,2.3921514124958074
COMMERCES_303,Commerces 303,48.89389872946491,2.372180912405908
COMMERCES_304,Commerces 304,48.85127287700326,2.4199965276558197
COMMERCES_305,Commerces 305,48.86890620208491,2.321581658336593
COMMERCES_306,Commerces 306,48.88449256427518,2.363664437892952
COMMERCES_307,Commerces 307,48.82850168784007,2.4036249841911084
COMMERCES_308,Commerces 308,48.843066699731025,2.363305131242246
COMMERCES_309,Commerces 309,48.840160142049385,2.3378800161092146
COMMERCES_310,Commerces 310,48.864602515091406,2.30050788309325
COMMERCES_311,Commerces 311,48.84036122071312,2.3450608162611672
COMMERCES_312,Commerces 312,48.8217209314064,2.337274072125832
COMMERCES_313,Commerces 313,48.88449908365982,2.3019586144633104
COMMERCES_314,Commerces 314,48.82592883769716,2.3127818000442817
COMMERCES_315,Commerces 315,48.86099572242411,2.3584936569956767
COMMERCES_316,Commerces 316,48.81678073142507,2.3860468803140242
COMMERCES_317,Commerces 317,48.838047184114146,2.3742787397651566
COMMERCES_318,Commerces 318,48.8739572147219,2.4307062638012287
COMMERCES_319,Commerces 319,48.82548756222433,2.4139028938921903
COMMERCES_320,Commerces 320,48.83083000212602,2.3615981645845885
COMMERCES_321,Commerces 321,48.880352192395385,2.318502930842865
COMMERCES_322,Commerces 322,48.87306526520941,2.3630919477020984
COMMERCES_323,Commerces 323,48.8911360901997,2.3528111978892627
COMMERCES_324,Commerces 324,48.860795998706294,2.2951887558153543
COMMERCES_325,Commerces 325,48.885655887587355,2.286895252198969
COMMERCES_326,Commerces 326,48.845920557302975,2.418541029318542
COMMERCES_327,Commerces 327,48.873198201930855,2.2833385812888047
COMMERCES_328,Commerces 328,48.84657317889296,2.3597817699114927
COMMERCES_329,Commerces 329,48.85413469300488,2.279784420232946
COMMERCES_330,Commerces 330,48.823654045626625,2.3128964128745513
COMMERCES_331,Commerces 331,48.89096501279124,2.428645179698272
COMMERCES_332,Commerces 332,48.88059495087294,2.28266287006615
COMMERCES_333,Commerces 333,48.82256374866182,2.319477007507487
COMMERCES_334,Commerces 334,48.83146808438311,2.4277318015191285
COMMERCES_335,Commerces 335,48.8931896478676,2.4275273223321983
COMMERCES_336,Commerces 336,48.819950568007755,2.275279177602125
COMMERCES_337,Commerces 337,48.84043015073519,2.280081448877349
COMMERCES_338,Commerces 338,48.84094460155028,2.4187979238663533
COMMERCES_339,Commerces 339,48.87129120739961,2.3719225614304085
COMMERCES_340,Commerces 340,48.86808533837674,2.4076265882185823
COMMERCES_341,Commerces 341,48.850491295812276,2.404671796851993
COMMERCES_342,Commerces 342,48.85785490417496,2.3615531071249882
COMMERCES_343,Commerces 343,48.82506989805411,2.2926154868848183
COMMERCES_344,Commerces 344,48.884089469398425,2.2881829354036483
COMMERCES_345,Commerces 345,48.83408339856393,2.4126280776843645
COMMERCES_346,Commerces 346,48.882464867862616,2.346203151287083
COMMERCES_347,Commerces 347,48.86476342465198,2.3380260592818334
COMMERCES_348,Commerces 348,48.81944945789305,2.390180939240494
COMMERCES_349,Commerces 349,48.86586464497296,2.408104549119862
COMMERCES_350,Commerces 350,48.84901316830843,2.353795118624521
COMMERCES_351,Commerces 351,48.87583299510721,2.3969132434337714
COMMERCES_352,Commerces 352,48.83696981423352,2.3637567606028327
COMMERCES_353,Commerces 353,48.88527716019837,2.3519524244990495
COMMERCES_354,Commerces 354,48.88497539857302,2.429712735098491
COMMERCES_355,Commerces 355,48.850547153977956,2.27926036124114
COMMERCES_356,Commerces 356,48.88618545265781,2.4014106056557
COMMERCES_357,Commerces 357,48.84299536911287,2.3198185279754817
COMMERCES_358,Commerces 358,48.8400715945083,2.3139589954387696
COMMERCES_359,Commerces 359,48.85326708912806,2.275571229201416
COMMERCES_360,Commerces 360,48.85285431890326,2.2770126511023454
COMMERCES_361,Commerces 361,48.88415669459721,2.42675926054261
COMMERCES_362,Commerces 362,48.874469334152664,2.426730668761297
COMMERCES_363,Commerces 363,48.8225647388902,2.41114521520395
COMMERCES_364,Commerces 364,48.83094328528559,2.4065826358591407
COMMERCES_365,Commerces 365,48.86923338127814,2.3117616594229955
COMMERCES_366,Commerces 366,48.86096060590704,2.3141643138694663
COMMERCES_367,Commerces 367,48.826730793706474,2.272653750099789
COMMERCES_368,Commerces 368,48.88915581364203,2.4112412139714037
COMMERCES_369,Commerces 369,48.89324852232823,2.2724801169223676
COMMERCES_370,Commerces 370,48.82125645285602,2.4315852821593014
COMMERCES_371,Commerces 371,48.818961049336366,2.293580537933606
COMMERCES_372,Commerces 372,48.82648209149031,2.4312471548236956
COMMERCES_373,Commerces 373,48.84292789322089,2.3831551655167784
COMMERCES_374,Commerces 374,48.86988265813451,2.4231704661665425
COMMERCES_375,Commerces 375,48.83375520735571,2.340948462538769
COMMERCES_376,Commerces 376,48.88105276634506,2.281640482144934
COMMERCES_377,Commerces 377,48.82197786680085,2.3123105854559323
COMMERCES_378,Commerces 378,48.84032887083384,2.3856728113987846
COMMERCES_379,Commerces 379,48.878386796771885,2.3791062475169187
COMMERCES_380,Commerces 380,48.863735557529004,2.3258357798198785
COMMERCES_381,Commerces 381,48.87710137218659,2.3315156163294106
COMMERCES_382,Commerces 382,48.89160372872098,2.3616674408383678
COMMERCES_383,Commerces 383,48.8385205724726,2.3478980444353734
COMMERCES_384,Commerces 384,48.85508984288759,2.3344184738456693
COMMERCES_385,Commerces 385,48.84290071886945,2.3095998346533713
COMMERCES_386,Commerces 386,48.8512920704624,2.3032572350113045
COMMERCES_387,Commerces 387,48.851374112318965,2.3985251821057725
COMMERCES_388,Commerces 388,48.82313317871536,2.2835693733206677
COMMERCES_389,Commerces 389,48.833790083910145,2.357642841012483
COMMERCES_390,Commerces 390,48.8253517719841,2.3204920991420086
COMMERCES_391,Commerces 391,48.86824927249103,2.3655974395357284
COMMERCES_392,Commerces 392,48.89274366915321,2.4226812554086727
COMMERCES_393,Commerces 393,48.8222043502208,2.403211995837434
COMMERCES_394,Commerces 394,48.85367373766544,2.2973970746340413
COMMERCES_395,Commerces 395,48.895358675845,2.3333379972122823
COMMERCES_396,Commerces 396,48.88508849169346,2.2907553519630657
COMMERCES_397,Commerces 397,48.860914399667394,2.3156664550535644
COMMERCES_398,Commerces 398,48.827548800647534,2.2906841444797488
COMMERCES_399,Commerces 399,48.84204307987921,2.388980994122673
COMMERCES_400,Commerces 400,48.88699368192206,2.4278757014873293
COMMERCES_401,Commerces 401,48.867204810886214,2.2820331752320366
COMMERCES_402,Commerces 402,48.88819862925135,2.27589380061292
COMMERCES_403,Commerces 403,48.86845810289422,2.353591634737378
COMMERCES_404,Commerces 404,48.87450610006409,2.398827575734575
COMMERCES_405,Commerces 405,48.868831158899624,2.2749418751802573
COMMERCES_406,Commerces 406,48.87696982145621,2.2864880799970684
COMMERCES_407,Commerces 407,48.82238668977549,2.389224880558596
COMMERCES_408,Commerces 408,48.85249771484144,2.372695715287337
COMMERCES_409,Commerces 409,48.89164131249069,2.407133805180717
COMMERCES_410,Commerces 410,48.86330639766943,2.371269035358532
COMMERCES_411,Commerces 411,48.861486269951506,2.3537742402788533
COMMERCES_412,Commerces 412,48.85217470895036,2.4211670032119312
COMMERCES_413,Commerces 413,48.85379218467745,2.337181256335657
COMMERCES_414,Commerces 414,48.832365957212176,2.3220276551611136
COMMERCES_415,Commerces 415,48.87982921887439,2.319831558913202
COMMERCES_416,Commerces 416,48.89166670084478,2.4188544553159828
COMMERCES_417,Commerces 417,48.82310752724192,2.3438341971599015
COMMERCES_418,Commerces 418,48.87921953290868,2.357054300916283
COMMERCES_419,Commerces 419,48.81898516620859,2.421854515165897
COMMERCES_420,Commerces 420,48.88394950626799,2.273226371141153
COMMERCES_421,Commerces 421,48.838868822139595,2.3521168716388967
COMMERCES_422,Commerces 422,48.89476675105058,2.3664345645974993
COMMERCES_423,Commerces 423,48.8539145292349,2.285501019271146
COMMERCES_424,Commerces 424,48.889503283139135,2.346606573673691
COMMERCES_425,Commerces 425,48.85111237992254,2.346053535161399
COMMERCES_426,Commerces 426,48.86984717487712,2.4065637078396276
COMMERCES_427,Commerces 427,48.87328321664313,2.320854066886594
COMMERCES_428,Commerces 428,48.869069633658846,2.278357163584443
COMMERCES_429,Commerces 429,48.875066717140584,2.272503585744524
COMMERCES_430,Commerces 430,48.824330818335326,2.403782266431174
COMMERCES_431,Commerces 431,48.8225218672479,2.3701310004853258
COMMERCES_432,Commerces 432,48.84807652957959,2.325344152446584
COMMERCES_433,Commerces 433,48.83120567744141,2.310551446537115
COMMERCES_434,Commerces 434,48.81891471110846,2.3026862288174
COMMERCES_435,Commerces 435,48.83397241390091,2.3585148830738842
COMMERCES_436,Commerces 436,48.826149172202065,2.424931450322404
COMMERCES_437,Commerces 437,48.868561087685926,2.3270763590324073
COMMERCES_438,Commerces 438,48.87864053032943,2.308365302758521
COMMERCES_439,Commerces 439,48.89295080782666,2.3413800242487532
COMMERCES_440,Commerces 440,48.86081345793986,2.303860668686112
COMMERCES_441,Commerces 441,48.845412429479765,2.395594620487954
COMMERCES_442,Commerces 442,48.8601789251617,2.323542465802785
COMMERCES_443,Commerces 443,48.870462393251664,2.301230003970854
COMMERCES_444,Commerces 444,48.85403359769677,2.37677364382968
COMMERCES_445,Commerces 445,48.85989549129778,2.3189958008026528
COMMERCES_446,Commerces 446,48.83154986783916,2.3904759195055023
COMMERCES_447,Commerces 447,48.820046496613934,2.410587384002482
COMMERCES_448,Commerces 448,48.88980160186142,2.384358946050807
COMMERCES_449,Commerces 449,48.85924131182065,2.4229208662369968
COMMERCES_450,Commerces 450,48.89464540632931,2.31586324916937
COMMERCES_451,Commerces 451,48.835605380441706,2.4120597800724823
COMMERCES_452,Commerces 452,48.877833849764414,2.402361617803099
COMMERCES_453,Commerces 453,48.886337021986066,2.34694592557484
COMMERCES_454,Commerces 454,48.85672844157822,2.3995313344195264
COMMERCES_455,Commerces 455,48.893940395910825,2.42884692932964
COMMERCES_456,Commerces 456,48.8817336392786,2.2860130068407836
COMMERCES_457,Commerces 457,48.82701126228359,2.35118809567061
COMMERCES_458,Commerces 458,48.82768941559419,2.3088113371061763
COMMERCES_459,Commerces 459,48.86474280693268,2.386862126072651
COMMERCES_460,Commerces 460,48.88985526648,2.3113967649839315
COMMERCES_461,Commerces 461,48.81992486811335,2.369848070690649
COMMERCES_462,Commerces 462,48.89328584442673,2.3610511749184906
COMMERCES_463,Commerces 463,48.8702003159176,2.3911307338117442
COMMERCES_464,Commerces 464,48.83881049137999,2.2842790053104634
COMMERCES_465,Commerces 465,48.89365042297713,2.3674226640237306
COMMERCES_466,Commerces 466,48.82192940129612,2.4270989283433857
COMMERCES_467,Commerces 467,48.88139585168693,2.3386483752157794
COMMERCES_468,Commerces 468,48.88652899331802,2.4027049987501106
COMMERCES_469,Commerces 469,48.87912083231145,2.332544971354947
COMMERCES_470,Commerces 470,48.884894636828065,2.3774494366575687
COMMERCES_471,Commerces 471,48.86557287563377,2.349848995388648
COMMERCES_472,Commerces 472,48.84259013142621,2.3446577423469295
COMMERCES_473,Commerces 473,48.87764927863547,2.3278339266506456
COMMERCES_474,Commerces 474,48.84042534647693,2.291369461844909
COMMERCES_475,Commerces 475,48.83064426285682,2.3023012788371378
COMMERCES_476,Commerces 476,48.83891693229346,2.3864965550111368
COMMERCES_477,Commerces 477,48.87066576972291,2.2908477574555812
COMMERCES_478,Commerces 478,48.88572505868752,2.3973586684830743
COMMERCES_479,Commerces 479,48.84778773138727,2.388789225845386
COMMERCES_480,Commerces 480,48.85948820027622,2.403687283910819
COMMERCES_481,Commerces 481,48.83277915724568,2.41347635959754
COMMERCES_482,Commerces 482,48.852959148006526,2.3011726275130324
COMMERCES_483,Commerces 483,48.83296989220638,2.3713663547540755
COMMERCES_484,Commerces 484,48.87456509840699,2.3495756712208213
COMMERCES_485,Commerces 485,48.895662572654246,2.281453662903099
COMMERCES_486,Commerces 486,48.843855609089445,2.293083644746413
COMMERCES_487,Commerces 487,48.867463301264955,2.3285361292465847
COMMERCES_488,Commerces 488,48.85885298516078,2.2897266581023326
COMMERCES_489,Commerces 489,48.82777105424874,2.3971718667706794
COMMERCES_490,Commerces 490,48.87502277912403,2.3014999303040495
COMMERCES_491,Commerces 491,48.83370998918202,2.322659084527516
COMMERCES_492,Commerces 492,48.856155277519505,2.3887148243014655
COMMERCES_493,Commerces 493,48.859349548208435,2.2930861280487034
COMMERCES_494,Commerces 494,48.83402284070812,2.40421658811234
COMMERCES_495,Commerces 495,48.86846193975839,2.348561390088027
COMMERCES_496,Commerces 496,48.852397670481324,2.393217802583732
COMMERCES_497,Commerces 497,48.82456486424353,2.289730156199229
COMMERCES_498,Commerces 498,48.89281185558276,2.429160883757488
COMMERCES_499,Commerces 499,48.894118527918124,2.3613603521134596
COMMERCES_500,Commerces 500,48.87190970437475,2.427995541659456
COMMERCES_501,Commerces 501,48.857190815823344,2.397928433490059
COMMERCES_502,Commerces 502,48.884141075964486,2.4165183135732557
COMMERCES_503,Commerces 503,48.86277772827252,2.3405587496864304
COMMERCES_504,Commerces 504,48.87386141111071,2.431278293302466
COMMERCES_505,Commerces 505,48.85230896762701,2.431756337079612
COMMERCES_506,Commerces 506,48.86856750229961,2.316491361079644
COMMERCES_507,Commerces 507,48.88434816863349,2.3188694130421474
COMMERCES_508,Commerces 508,48.88765700133934,2.42434823178522
COMMERCES_509,Commerces 509,48.8456480837073,2.31846102961315
COMMERCES_510,Commerces 510,48.829379098294524,2.282833441251506
COMMERCES_511,Commerces 511,48.895853982896284,2.349847745969565
COMMERCES_512,Commerces 512,48.8381957714264,2.3106865371661627
COMMERCES_513,Commerces 513,48.875129780718574,2.367446591096573
COMMERCES_514,Commerces 514,48.82119552879754,2.385754148083928
COMMERCES_515,Commerces 515,48.842869894945835,2.2916299772329274
COMMERCES_516,Commerces 516,48.81756311587422,2.33707682533205
COMMERCES_517,Commerces 517,48.82207923896318,2.328583959736646
COMMERCES_518,Commerces 518,48.844269912134344,2.3659959578772716
COMMERCES_519,Commerces 519,48.8543444357191,2.3210724943954286
COMMERCES_520,Commerces 520,48.87227554826077,2.4102426834081907
COMMERCES_521,Commerces 521,48.8280769807005,2.417278551106233
COMMERCES_522,Commerces 522,48.89508370972008,2.3469858627716595
COMMERCES_523,Commerces 523,48.89542688585615,2.332580775035347
COMMERCES_524,Commerces 524,48.84782307798211,2.4140120718587244
COMMERCES_525,Commerces 525,48.82288855813791,2.38747746432302
COMMERCES_526,Commerces 526,48.87648721065408,2.3204591287164797
COMMERCES_527,Commerces 527,48.85689169970363,2.2751439804232314
COMMERCES_528,Commerces 528,48.849799274321896,2.2955861424614263
COMMERCES_529,Commerces 529,48.83721622858537,2.395440071616643
COMMERCES_530,Commerces 530,48.8959559383474,2.4087040480009057
COMMERCES_531,Commerces 531,48.87177948266355,2.421018636051259
COMMERCES_532,Commerces 532,48.85777737092536,2.369259707125528
COMMERCES_533,Commerces 533,48.819745595268266,2.338236406263242
COMMERCES_534,Commerces 534,48.817108234612796,2.3936145661212045
COMMERCES_535,Commerces 535,48.853952349340084,2.320150034423924
COMMERCES_536,Commerces 536,48.86343859900208,2.3122171668715414
COMMERCES_537,Commerces 537,48.86300709051282,2.3894296151051018
COMMERCES_538,Commerces 538,48.841894808210725,2.3521407358993636
COMMERCES_539,Commerces 539,48.84625456963732,2.2940020045870546
COMMERCES_540,Commerces 540,48.84170872887101,2.2925968650223223
COMMERCES_541,Commerces 541,48.8242450639501,2.3619781811986558
COMMERCES_542,Commerces 542,48.82088956549896,2.326979416868974
COMMERCES_543,Commerces 543,48.8804727212924,2.4248755107792714
COMMERCES_544,Commerces 544,48.85990807943943,2.318904296594008
COMMERCES_545,Commerces 545,48.81755586870858,2.372899987779089
COMMERCES_546,Commerces 546,48.82553317153581,2.320797731530763
COMMERCES_547,Commerces 547,48.83497449120593,2.344355935603373
COMMERCES_548,Commerces 548,48.856253753995205,2.372283482011915
COMMERCES_549,Commerces 549,48.832173107502506,2.3964935824095233
COMMERCES_550,Commerces 550,48.866977792293454,2.40716270021521
COMMERCES_551,Commerces 551,48.86632281837696,2.42636274450463
COMMERCES_552,Commerces 552,48.82789537605122,2.286710487790048
COMMERCES_553,Commerces 553,48.89332942101353,2.4225548636154772
COMMERCES_554,Commerces 554,48.841339394823315,2.38266478281346
COMMERCES_555,Commerces 555,48.86462278450927,2.3831777764369853
COMMERCES_556,Commerces 556,48.8226860004434,2.3524574153219926
COMMERCES_557,Commerces 557,48.829530853429716,2.415120996879671
COMMERCES_558,Commerces 558,48.8931672899075,2.395473225129969
COMMERCES_559,Commerces 559,48.862685835111286,2.284020132511917
COMMERCES_560,Commerces 560,48.88529380476696,2.4262160643011037
COMMERCES_561,Commerces 561,48.84545752083392,2.331746075188904
COMMERCES_562,Commerces 562,48.85592674524475,2.402080712044491
COMMERCES_563,Commerces 563,48.84371118049153,2.4253348606717253
COMMERCES_564,Commerces 564,48.87919914982636,2.295460468885853
COMMERCES_565,Commerces 565,48.87018095821634,2.4123084258220304
COMMERCES_566,Commerces 566,48.8722749070226,2.3673366572005365
COMMERCES_567,Commerces 567,48.89438057839653,2.4059146525253428
COMMERCES_568,Commerces 568,48.86209599473618,2.3698428878134195
COMMERCES_569,Commerces 569,48.881054737465185,2.35855078453217
COMMERCES_570,Commerces 570,48.823218881315434,2.3732474748996815
COMMERCES_571,Commerces 571,48.830375758738946,2.414602440991258
COMMERCES_572,Commerces 572,48.83440716979875,2.426200322553825
COMMERCES_573,Commerces 573,48.855069119953995,2.2849815197905947
COMMERCES_574,Commerces 574,48.85453198002196,2.428428011542458
COMMERCES_575,Commerces 575,48.89422560837737,2.287122436139514
COMMERCES_576,Commerces 576,48.89240631797789,2.3607584734402023
COMMERCES_577,Commerces 577,48.86440523419015,2.340959451043837
COMMERCES_578,Commerces 578,48.82860678107855,2.314023021120012
COMMERCES_579,Commerces 579,48.88278688535585,2.404650638817454
COMMERCES_580,Commerces 580,48.85085027925625,2.327761901199615
COMMERCES_581,Commerces 581,48.856702143945746,2.3317796366410035
COMMERCES_582,Commerces 582,48.82359992258753,2.4060182887110906
COMMERCES_583,Commerces 583,48.84018244253326,2.286785498750809
COMMERCES_584,Commerces 584,48.885228502156586,2.420286063040866
COMMERCES_585,Commerces 585,48.86852722980806,2.3012284279658566
COMMERCES_586,Commerces 586,48.82201237926037,2.3867805990709874
COMMERCES_587,Commerces 587,48.84363701779991,2.305115985149932
COMMERCES_588,Commerces 588,48.88769214783005,2.3043078230736875
COMMERCES_589,Commerces 589,48.860727480169864,2.3999188423680136
COMMERCES_590,Commerces 590,48.82275237340072,2.3773755734028574
COMMERCES_591,Commerces 591,48.817134280581286,2.315633298451848
COMMERCES_592,Commerces 592,48.86893221693204,2.392776352689141
COMMERCES_593,Commerces 593,48.893293401413956,2.369357452130483
COMMERCES_594,Commerces 594,48.89303139648192,2.2755571586980055
COMMERCES_595,Commerces 595,48.87875709561137,2.2812069316785024
COMMERCES_596,Commerces 596,48.85551878073931,2.397946796522499
COMMERCES_597,Commerces 597,48.86571389136031,2.3276826992722524
COMMERCES_598,Commerces 598,48.82049095177287,2.330200381786914
COMMERCES_599,Commerces 599,48.87730926177945,2.365301391913455
COMMERCES_600,Commerces 600,48.86941707271679,2.3227517529879425
COMMERCES_601,Commerces 601,48.82201255122169,2.313676309103987
COMMERCES_602,Commerces 602,48.830546690602226,2.400627085040809
COMMERCES_603,Commerces 603,48.853768097164526,2.385238510635667
COMMERCES_604,Commerces 604,48.87997813189343,2.3785250938580114
COMMERCES_605,Commerces 605,48.88762116415162,2.430380826041459
COMMERCES_606,Commerces 606,48.86524058417893,2.328710754946733
COMMERCES_607,Commerces 607,48.834928089512054,2.3020882557257374
COMMERCES_608,Commerces 608,48.82226940053708,2.3710056646212427
COMMERCES_609,Commerces 609,48.862432178299024,2.3587950472355397
COMMERCES_610,Commerces 610,48.84476912840827,2.3469865680845827
COMMERCES_611,Commerces 611,48.85265258061742,2.274055394875964
COMMERCES_612,Commerces 612,48.86421591590481,2.4081317941513976
COMMERCES_613,Commerces 613,48.88755974160798,2.2945409174419056
COMMERCES_614,Commerces 614,48.873253856458334,2.41552644195354
COMMERCES_615,Commerces 615,48.83048383963023,2.3155792213619426
COMMERCES_616,Commerces 616,48.885019972443104,2.2836200106438223
COMMERCES_617,Commerces 617,48.82064455905967,2.4309110853038582
COMMERCES_618,Commerces 618,48.868155525743646,2.27226523149285
COMMERCES_619,Commerces 619,48.82929294354183,2.3745182574279466
COMMERCES_620,Commerces 620,48.82985174372341,2.2845705144861146
COMMERCES_621,Commerces 621,48.85097864229107,2.375424445671201
COMMERCES_622,Commerces 622,48.866314684959576,2.389723035759515
COMMERCES_623,Commerces 623,48.825881138576975,2.3564793678318043
COMMERCES_624,Commerces 624,48.876201727195905,2.2942528739906205
COMMERCES_625,Commerces 625,48.8661198980537,2.29402498736069
COMMERCES_626,Commerces 626,48.834297258221866,2.296577004023979
COMMERCES_627,Commerces 627,48.85340592883128,2.3778054907331336
COMMERCES_628,Commerces 628,48.830345320149064,2.2765203769631563
COMMERCES_629,Commerces 629,48.87077996142822,2.275151688729297
COMMERCES_630,Commerces 630,48.84296246576941,2.4153655208810756
COMMERCES_631,Commerces 631,48.871058089841554,2.3422396151868354
COMMERCES_632,Commerces 632,48.88277941566103,2.2851456437316586
COMMERCES_633,Commerces 633,48.88417708542896,2.426024214923308
COMMERCES_634,Commerces 634,48.87961026428346,2.401267850367485
COMMERCES_635,Commerces 635,48.837127833886164,2.3401486747057945
COMMERCES_636,Commerces 636,48.8686640631083,2.377637590150666
COMMERCES_637,Commerces 637,48.82634627345485,2.3370191478955067
COMMERCES_638,Commerces 638,48.84831809269843,2.3255310528443607
COMMERCES_639,Commerces 639,48.852092330405135,2.4290999368075847
COMMERCES_640,Commerces 640,48.870728103499154,2.2871957679271375
COMMERCES_641,Commerces 641,48.89587241412695,2.2820805631684857
COMMERCES_642,Commerces 642,48.89648661489063,2.3699762969390434
COMMERCES_643,Commerces 643,48.83705790563645,2.4063274818899614
COMMERCES_644,Commerces 644,48.845676442744065,2.3745982415639286
COMMERCES_645,Commerces 645,48.862772300954624,2.3722789844877528
COMMERCES_646,Commerces 646,48.86538685128026,2.4224864955644034
COMMERCES_647,Commerces 647,48.89484477279314,2.4057506721073234
COMMERCES_648,Commerces 648,48.89557001686836,2.2808103703373304
COMMERCES_649,Commerces 649,48.82572617247188,2.3503469755135624
COMMERCES_650,Commerces 650,48.87722501990105,2.3339776461096022
COMMERCES_651,Commerces 651,48.880358711027846,2.293436736227317
COMMERCES_652,Commerces 652,48.87384453365386,2.4286906543347553
COMMERCES_653,Commerces 653,48.87780305018631,2.2950457564055426
COMMERCES_654,Commerces 654,48.843919814403705,2.349466306517974
COMMERCES_655,Commerces 655,48.825921964913675,2.3209935720818495
COMMERCES_656,Commerces 656,48.88974647381347,2.401212148107082
COMMERCES_657,Commerces 657,48.875301219430376,2.3808298474921874
COMMERCES_658,Commerces 658,48.8210993713705,2.289199202011238
COMMERCES_659,Commerces 659,48.866522669123924,2.3273991686924242
COMMERCES_660,Commerces 660,48.82058986113672,2.4231507953322775
COMMERCES_661,Commerces 661,48.89401778351119,2.4103348030106435
COMMERCES_662,Commerces 662,48.873159771846495,2.3804596993435765
COMMERCES_663,Commerces 663,48.83591862049143,2.301901513523915
COMMERCES_664,Commerces 664,48.85417576536357,2.3644463041048773
COMMERCES_665,Commerces 665,48.81861827094238,2.310054982739832
COMMERCES_666,Commerces 666,48.82751389782303,2.339874194319575
COMMERCES_667,Commerces 667,48.89632357130331,2.2740797205608883
COMMERCES_668,Commerces 668,48.83530569319765,2.401955418142699
COMMERCES_669,Commerces 669,48.87344680852279,2.33203162072579
COMMERCES_670,Commerces 670,48.85323126252611,2.41698690335947
COMMERCES_671,Commerces 671,48.831696883538086,2.378974442258106
COMMERCES_672,Commerces 672,48.83024317156622,2.3916653879939895
COMMERCES_673,Commerces 673,48.83425671068407,2.377624672109952
COMMERCES_674,Commerces 674,48.8830396180682,2.29514457942275
COMMERCES_675,Commerces 675,48.888537153213186,2.311680459322315
COMMERCES_676,Commerces 676,48.89389665043048,2.4268214196502367
COMMERCES_677,Commerces 677,48.817699304184806,2.2834723675562945
COMMERCES_678,Commerces 678,48.85406373784563,2.3221345771320765
COMMERCES_679,Commerces 679,48.86755834591827,2.4190179742201705
COMMERCES_680,Commerces 680,48.829897147944116,2.3186319431486404
COMMERCES_681,Commerces 681,48.88740113938045,2.4098452202886866
COMMERCES_682,Commerces 682,48.830643386130575,2.3557384420628957
COMMERCES_683,Commerces 683,48.86190958661674,2.337743296788667
COMMERCES_684,Commerces 684,48.83552532355768,2.280018204170858
COMMERCES_685,Commerces 685,48.853527065504856,2.3204760516728435
COMMERCES_686,Commerces 686,48.861579028281724,2.390330604710416
COMMERCES_687,Commerces 687,48.822880998416714,2.3552118648458116
COMMERCES_688,Commerces 688,48.83467875204192,2.4243134037655767
COMMERCES_689,Commerces 689,48.83471693114022,2.382241275316998
COMMERCES_690,Commerces 690,48.82061186981778,2.2996488391389183
COMMERCES_691,Commerces 691,48.88521273601309,2.3701811966330313
COMMERCES_692,Commerces 692,48.85568692607705,2.3143041583471757
COMMERCES_693,Commerces 693,48.884562977218415,2.2999280898762025
COMMERCES_694,Commerces 694,48.83500260723421,2.4259565620052435
COMMERCES_695,Commerces 695,48.87516623517926,2.3017040378472533
COMMERCES_696,Commerces 696,48.835042232270524,2.3902610934230286
COMMERCES_697,Commerces 697,48.823068621895345,2.288208801573787
COMMERCES_698,Commerces 698,48.846319679719926,2.279280138845817
COMMERCES_699,Commerces 699,48.842912754698965,2.3941075343912313
COMMERCES_700,Commerces 700,48.88193259493538,2.3776087036679696
COMMERCES_701,Commerces 701,48.85387747359607,2.331075926456319
COMMERCES_702,Commerces 702,48.848819746776954,2.3833968196712845
COMMERCES_703,Commerces 703,48.846723891372456,2.3637016879034163
COMMERCES_704,Commerces 704,48.82089230124937,2.3008776041918804
COMMERCES_705,Commerces 705,48.879387950166915,2.406816066436714
COMMERCES_706,Commerces 706,48.84482431203242,2.3758647051241937
COMMERCES_707,Commerces 707,48.87262645506089,2.368855688850329
COMMERCES_708,Commerces 708,48.829365912729294,2.368877726600513
COMMERCES_709,Commerces 709,48.831089895907006,2.3153890666912544
COMMERCES_710,Commerces 710,48.87762054500491,2.356886121289539
COMMERCES_711,Commerces 711,48.884305878055365,2.332647326334604
COMMERCES_712,Commerces 712,48.84338619929334,2.3089920729796174
COMMERCES_713,Commerces 713,48.88344849864119,2.320287673679354
COMMERCES_714,Commerces 714,48.82965276734162,2.2808622064694886
COMMERCES_715,Commerces 715,48.85397326414141,2.3535797992005203
COMMERCES_716,Commerces 716,48.84926346724246,2.3479877106053713
COMMERCES_717,Commerces 717,48.88166334324525,2.277188264294533
COMMERCES_718,Commerces 718,48.83020203863486,2.373475214463938
COMMERCES_719,Commerces 719,48.83658969314424,2.4111521483713316
COMMERCES_720,Commerces 720,48.854574832297665,2.4112461667115794
COMMERCES_721,Commerces 721,48.86917961465356,2.3369879409139447
COMMERCES_722,Commerces 722,48.893488916450906,2.300760588490484
COMMERCES_723,Commerces 723,48.83068541189608,2.3766217139381296
COMMERCES_724,Commerces 724,48.83155064739981,2.291272167991262
COMMERCES_725,Commerces 725,48.86508128543852,2.298577384276285
COMMERCES_726,Commerces 726,48.86820128408715,2.414289718440498
COMMERCES_727,Commerces 727,48.825353024158474,2.360132250176303
COMMERCES_728,Commerces 728,48.84357176867136,2.339106600912097
COMMERCES_729,Commerces 729,48.83290465924065,2.3671568573723096
COMMERCES_730,Commerces 730,48.848893624069504,2.2989459218491395
COMMERCES_731,Commerces 731,48.870963370736796,2.3503612170241985
COMMERCES_732,Commerces 732,48.88882966636054,2.3850093940348023
COMMERCES_733,Commerces 733,48.85815316277553,2.3852248441039756
COMMERCES_734,Commerces 734,48.84378806742952,2.3317241699223676
COMMERCES_735,Commerces 735,48.86048572529148,2.3921801906430784
COMMERCES_736,Commerces 736,48.857512201777666,2.3997261787764885
COMMERCES_737,Commerces 737,48.86829211067203,2.4159364492420283
COMMERCES_738,Commerces 738,48.887299295350864,2.381611383142482
COMMERCES_739,Commerces 739,48.82509908562156,2.289915813454061
COMMERCES_740,Commerces 740,48.83188625322297,2.3029844671879935
COMMERCES_741,Commerces 741,48.88045513537308,2.389049150189378
COMMERCES_742,Commerces 742,48.8619498762073,2.3298922110641747
COMMERCES_743,Commerces 743,48.86596600814006,2.4291346448812554
COMMERCES_744,Commerces 744,48.818705099705305,2.3404319550606907
COMMERCES_745,Commerces 745,48.86957218007565,2.321376776958262
COMMERCES_746,Commerces 746,48.86423437954365,2.3807372373290288
COMMERCES_747,Commerces 747,48.86154708637091,2.37839619194663
COMMERCES_748,Commerces 748,48.86923272747332,2.3902671306554844
COMMERCES_749,Commerces 749,48.87803512129616,2.2921010051739317
COMMERCES_750,Commerces 750,48.89166573842052,2.275148155372089
COMMERCES_751,Commerces 751,48.868833782625174,2.391343206949124
COMMERCES_752,Commerces 752,48.87435296511072,2.4193568882887027
COMMERCES_753,Commerces 753,48.89115377422413,2.4302318049226455
COMMERCES_754,Commerces 754,48.88127651978818,2.3926420386237286
COMMERCES_755,Commerces 755,48.83816495251314,2.347863233303757
COMMERCES_756,Commerces 756,48.88568861264186,2.279893757541603
COMMERCES_757,Commerces 757,48.862564887633006,2.3445968650921363
COMMERCES_758,Commerces 758,48.83425605297474,2.3928611689699584
COMMERCES_759,Commerces 759,48.8543996464292,2.4094614148132885
COMMERCES_760,Commerces 760,48.89341147028862,2.345698519698351
COMMERCES_761,Commerces 761,48.88417973070659,2.3363782602740204
COMMERCES_762,Commerces 762,48.86703553166293,2.3584803475936242
COMMERCES_763,Commerces 763,48.86852429592702,2.275850875081348
COMMERCES_764,Commerces 764,48.832623229866854,2.43052908835102
COMMERCES_765,Commerces 765,48.886415861821014,2.3724188146914873
COMMERCES_766,Commerces 766,48.8569414637735,2.3197674475673504
COMMERCES_767,Commerces 767,48.853554743561816,2.338349776550178
COMMERCES_768,Commerces 768,48.819932833177845,2.3404652207460623
COMMERCES_769,Commerces 769,48.88222415230227,2.4240857259778315
COMMERCES_770,Commerces 770,48.85995429750865,2.4042563599101334
COMMERCES_771,Commerces 771,48.85581683647661,2.3845932030511405
COMMERCES_772,Commerces 772,48.844178264284594,2.425376312116679
COMMERCES_773,Commerces 773,48.86374827708591,2.294335457649245
COMMERCES_774,Commerces 774,48.878834066548855,2.426473409549114
COMMERCES_775,Commerces 775,48.8271558625185,2.4198247192848235
COMMERCES_776,Commerces 776,48.874031374841024,2.42946189916813
COMMERCES_777,Commerces 777,48.81982819105888,2.421214307807944
COMMERCES_778,Commerces 778,48.84786048956053,2.3038642948694723
COMMERCES_779,Commerces 779,48.88838924269717,2.367977065662949
COMMERCES_780,Commerces 780,48.85172996854312,2.277955805664002
COMMERCES_781,Commerces 781,48.854096160866106,2.308785496223956
COMMERCES_782,Commerces 782,48.8699581847734,2.3694873195025483
COMMERCES_783,Commerces 783,48.828929873323766,2.407734110062182
COMMERCES_784,Commerces 784,48.87482118215224,2.324393429163377
COMMERCES_785,Commerces 785,48.82715714946251,2.3241678551988207
COMMERCES_786,Commerces 786,48.87866045178618,2.3014168652036155
COMMERCES_787,Commerces 787,48.86856265780824,2.304328047279974
COMMERCES_788,Commerces 788,48.88547402062058,2.2758281268858
COMMERCES_789,Commerces 789,48.86530057193963,2.375331844245728
COMMERCES_790,Commerces 790,48.82380617514723,2.398751844783867
COMMERCES_791,Commerces 791,48.85268544550123,2.2992413350750827
COMMERCES_792,Commerces 792,48.85635863156649,2.3560707490868222
COMMERCES_793,Commerces 793,48.82385853397575,2.424859914847675
COMMERCES_794,Commerces 794,48.85110801306264,2.2808196656950037
COMMERCES_795,Commerces 795,48.894196951513564,2.416007973946326
COMMERCES_796,Commerces 796,48.851321202502156,2.3900255668080983
COMMERCES_797,Commerces 797,48.87625833294371,2.2732818716902137
COMMERCES_798,Commerces 798,48.86288650587794,2.4229113769190396
COMMERCES_799,Commerces 799,48.85912552177459,2.2948202000499838
COMMERCES_800,Commerces 800,48.827786066441064,2.2908608378232973
COMMERCES_801,Commerces 801,48.82168536483944,2.419183291371317
COMMERCES_802,Commerces 802,48.87045373317973,2.2925668508409065
COMMERCES_803,Commerces 803,48.884173783140305,2.346709539589492
COMMERCES_804,Commerces 804,48.89340688776181,2.3515259568735476
COMMERCES_805,Commerces 805,48.868217957522575,2.4085825348630956
COMMERCES_806,Commerces 806,48.8226814459413,2.3516810894507376
COMMERCES_807,Commerces 807,48.81677537682706,2.3135005962695763
COMMERCES_808,Commerces 808,48.82862903768451,2.385417441658312
COMMERCES_809,Commerces 809,48.87299030008584,2.273608005163389
COMMERCES_810,Commerces 810,48.83215028341039,2.274785488794237
COMMERCES_811,Commerces 811,48.83199630719725,2.3480424772156505
COMMERCES_812,Commerces 812,48.895191581266815,2.3291032084228993
COMMERCES_813,Commerces 813,48.82567157165785,2.3256493570316916
COMMERCES_814,Commerces 814,48.843601823410644,2.3884034336809328
COMMERCES_815,Commerces 815,48.87215306955712,2.289268722941233
COMMERCES_816,Commerces 816,48.82680911478037,2.285902854476136
COMMERCES_817,Commerces 817,48.890626909612045,2.339176599515832
COMMERCES_818,Commerces 818,48.84814215455513,2.355916315480712
COMMERCES_819,Commerces 819,48.82357921167878,2.428830080269607
COMMERCES_820,Commerces 820,48.84397726775066,2.411372704209422
COMMERCES_821,Commerces 821,48.82146922801881,2.3505549268461707
COMMERCES_822,Commerces 822,48.828633936843,2.4313669465005923
COMMERCES_823,Commerces 823,48.88561014467231,2.4172172691978613
COMMERCES_824,Commerces 824,48.88482556059155,2.409004069173408
COMMERCES_825,Commerces 825,48.86168144070043,2.430223044741203
COMMERCES_826,Commerces 826,48.88469305908134,2.403182387217803
COMMERCES_827,Commerces 827,48.87363250776111,2.412976202273217
COMMERCES_828,Commerces 828,48.880813338063824,2.306666238948708
COMMERCES_829,Commerces 829,48.88908238613254,2.297560580364211
COMMERCES_830,Commerces 830,48.89030239866345,2.4027885227530694
COMMERCES_831,Commerces 831,48.894026258401375,2.4009047229019993
COMMERCES_832,Commerces 832,48.87799152990249,2.3982339251341083
COMMERCES_833,Commerces 833,48.88459467110931,2.3031343525119734
COMMERCES_834,Commerces 834,48.82726430634387,2.380104175414143
COMMERCES_835,Commerces 835,48.876630514095375,2.3667594314618925
COMMERCES_836,Commerces 836,48.826235901889994,2.3814946188536164
COMMERCES_837,Commerces 837,48.82143486179156,2.276704072981251
COMMERCES_838,Commerces 838,48.82047035064249,2.380758619671631
COMMERCES_839,Commerces 839,48.828097187250854,2.3182486680792533
COMMERCES_840,Commerces 840,48.87484059643025,2.292406285381812
COMMERCES_841,Commerces 841,48.818006454859386,2.3647497470166523
COMMERCES_842,Commerces 842,48.8640938284447,2.426048765756925
COMMERCES_843,Commerces 843,48.8643534755803,2.306369794706951
COMMERCES_844,Commerces 844,48.82908376561201,2.3144577731236033
COMMERCES_845,Commerces 845,48.879593706712896,2.3491193011263056
COMMERCES_846,Commerces 846,48.878654729275105,2.4035707368598276
COMMERCES_847,Commerces 847,48.82245235274799,2.3495027491821143
COMMERCES_848,Commerces 848,48.850581647535165,2.357678939264333
COMMERCES_849,Commerces 849,48.891455777155656,2.2748369346574866
COMMERCES_850,Commerces 850,48.82084763699272,2.2850288159255134
COMMERCES_851,Commerces 851,48.87033746043541,2.3140327546640718
COMMERCES_852,Commerces 852,48.84581975662915,2.3058963611365835
COMMERCES_853,Commerces 853,48.83809047212257,2.322894620694633
COMMERCES_854,Commerces 854,48.86356102516583,2.308512133177446
COMMERCES_855,Commerces 855,48.83506916676556,2.423333062682083
COMMERCES_856,Commerces 856,48.846655814532205,2.4309372410408794
COMMERCES_857,Commerces 857,48.821490439711205,2.3424301114015744
COMMERCES_858,Commerces 858,48.88244784929423,2.3048034742254044
COMMERCES_859,Commerces 859,48.82067487271025,2.3133339759304308
COMMERCES_860,Commerces 860,48.824887910236264,2.3197866079457774
COMMERCES_861,Commerces 861,48.85786376704092,2.2923750917800065
COMMERCES_862,Commerces 862,48.87781876061651,2.2961175114658654
COMMERCES_863,Commerces 863,48.877737541411754,2.3176051249655885
COMMERCES_864,Commerces 864,48.876091697579874,2.4101451851266913
COMMERCES_865,Commerces 865,48.88866716731332,2.2880694444966108
COMMERCES_866,Commerces 866,48.860347044083326,2.2978649126650597
COMMERCES_867,Commerces 867,48.86513629955317,2.3865519171930334
COMMERCES_868,Commerces 868,48.87197869229778,2.4278859610461145
COMMERCES_869,Commerces 869,48.88843380481037,2.3350830729941454
COMMERCES_870,Commerces 870,48.86809662995125,2.391585306035744
COMMERCES_871,Commerces 871,48.81726774483038,2.3451648165944508
COMMERCES_872,Commerces 872,48.872830704642794,2.4092807676771058
COMMERCES_873,Commerces 873,48.82945230075686,2.292922920018658
COMMERCES_874,Commerces 874,48.89115386407025,2.3503566327521894
COMMERCES_875,Commerces 875,48.8675012940847,2.3531614480269423
COMMERCES_876,Commerces 876,48.8293828470689,2.3625566167264247
COMMERCES_877,Commerces 877,48.88559724253064,2.3229492832132124
COMMERCES_878,Commerces 878,48.877405131729795,2.319229087021825
COMMERCES_879,Commerces 879,48.876579416471124,2.4117549937548386
COMMERCES_880,Commerces 880,48.83085401840722,2.310755730761317
COMMERCES_881,Commerces 881,48.882914782114895,2.3984066926819043
COMMERCES_882,Commerces 882,48.87700026060737,2.424801806489376
COMMERCES_883,Commerces 883,48.886432500701666,2.3380396461579775
COMMERCES_884,Commerces 884,48.83206972891664,2.4158583275345764
COMMERCES_885,Commerces 885,48.89463992643472,2.4250849158251846
COMMERCES_886,Commerces 886,48.871357328428616,2.3075415946050675
COMMERCES_887,Commerces 887,48.830589455983755,2.3986809293119067
COMMERCES_888,Commerces 888,48.84762476132671,2.3633207963230625
COMMERCES_889,Commerces 889,48.860477575297715,2.3510018085392
COMMERCES_890,Commerces 890,48.86245969212848,2.313442525088869
COMMERCES_891,Commerces 891,48.89496744973646,2.4256119877854396
COMMERCES_892,Commerces 892,48.8288111513192,2.410096727947307
COMMERCES_893,Commerces 893,48.85694246636427,2.333720249940569
COMMERCES_894,Commerces 894,48.89226699115601,2.4231635757108294
COMMERCES_895,Commerces 895,48.85702328533911,2.3204856931899904
COMMERCES_896,Commerces 896,48.84445145107249,2.2951415029034163
COMMERCES_897,Commerces 897,48.85831770379477,2.3254757779545137
COMMERCES_898,Commerces 898,48.8951577727871,2.336034745195925
COMMERCES_899,Commerces 899,48.82859147401584,2.4108701771546204
COMMERCES_900,Commerces 900,48.890098642387635,2.3824532389280106
COMMERCES_901,Commerces 901,48.830986407013086,2.4314127297214374
COMMERCES_902,Commerces 902,48.82491874892021,2.3402638623190164
COMMERCES_903,Commerces 903,48.83682568551278,2.397048854739407
COMMERCES_904,Commerces 904,48.861807059801,2.3600836333804884
COMMERCES_905,Commerces 905,48.838757502851806,2.2930149307437455
COMMERCES_906,Commerces 906,48.842007529432756,2.303058081278184
COMMERCES_907,Commerces 907,48.856183487001445,2.3563065283162956
COMMERCES_908,Commerces 908,48.82523602167381,2.2752694243015688
COMMERCES_909,Commerces 909,48.845970700534814,2.2970431215955083
COMMERCES_910,Commerces 910,48.833303924059635,2.3878212505194045
COMMERCES_911,Commerces 911,48.85998192563463,2.3274754777351383
COMMERCES_912,Commerces 912,48.86502081042898,2.380522873157563
COMMERCES_913,Commerces 913,48.885027825288404,2.4173472523757136
COMMERCES_914,Commerces 914,48.8388977399329,2.373100630750718
COMMERCES_915,Commerces 915,48.89089100012504,2.3669263187197815
COMMERCES_916,Commerces 916,48.859944754204484,2.292149473763924
COMMERCES_917,Commerces 917,48.84199076060957,2.372973018577808
COMMERCES_918,Commerces 918,48.82307868520909,2.422745353953584
COMMERCES_919,Commerces 919,48.88080406672532,2.288084338901534
COMMERCES_920,Commerces 920,48.83396581246848,2.287539370871766
COMMERCES_921,Commerces 921,48.84539949337349,2.37364700174877
COMMERCES_922,Commerces 922,48.82321769498881,2.395099948767759
COMMERCES_923,Commerces 923,48.881889948321934,2.400133959934696
COMMERCES_924,Commerces 924,48.83000044562506,2.2824193725280026
COMMERCES_925,Commerces 925,48.8905289779299,2.2794695695791907
COMMERCES_926,Commerces 926,48.839597334028696,2.402295457290972
COMMERCES_927,Commerces 927,48.8285334085124,2.374079001397046
COMMERCES_928,Commerces 928,48.872732331270626,2.3513912225127727
COMMERCES_929,Commerces 929,48.837134411407064,2.423793034984979
COMMERCES_930,Commerces 930,48.861539472747836,2.300948942276333
COMMERCES_931,Commerces 931,48.82525251204117,2.3658689396915893
COMMERCES_932,Commerces 932,48.848691720827446,2.300897994604298
COMMERCES_933,Commerces 933,48.88219210530629,2.3396996311962157
COMMERCES_934,Commerces 934,48.864919784803796,2.3013373169188207
COMMERCES_935,Commerces 935,48.841890028180124,2.297944051165145
COMMERCES_936,Commerces 936,48.835613318214506,2.4240037286043417
COMMERCES_937,Commerces 937,48.87843637232621,2.278473438219883
COMMERCES_938,Commerces 938,48.879151075588034,2.274766620691815
COMMERCES_939,Commerces 939,48.85567820650494,2.404380280921583
COMMERCES_940,Commerces 940,48.84429508066506,2.272954756155731
COMMERCES_941,Commerces 941,48.89317674900462,2.378466973947177
COMMERCES_942,Commerces 942,48.86404493351597,2.28906568869387
COMMERCES_943,Commerces 943,48.82699963521435,2.4228940443550497
COMMERCES_944,Commerces 944,48.835249864288095,2.32594212611642
COMMERCES_945,Commerces 945,48.88487106437097,2.3357953682918002
COMMERCES_946,Commerces 946,48.82359002567617,2.3641618972385436
COMMERCES_947,Commerces 947,48.85996284891034,2.396699195134653
COMMERCES_948,Commerces 948,48.87149992338186,2.3482873472286006
COMMERCES_949,Commerces 949,48.85749891505077,2.3022439355928346
COMMERCES_950,Commerces 950,48.874502120976864,2.3796600434218655
COMMERCES_951,Commerces 951,48.86948813399638,2.337922423350312
COMMERCES_952,Commerces 952,48.87478672502167,2.346596476610315
COMMERCES_953,Commerces 953,48.840471885476816,2.3991884540375628
COMMERCES_954,Commerces 954,48.85672998789739,2.3872339400764475
COMMERCES_955,Commerces 955,48.86786527834619,2.410338743293819
COMMERCES_956,Commerces 956,48.8355769386241,2.3229875317540327
COMMERCES_957,Commerces 957,48.8543274927427,2.2847270970558053
COMMERCES_958,Commerces 958,48.86931230759011,2.326926075841548
COMMERCES_959,Commerces 959,48.88688800830399,2.34082268877468
COMMERCES_960,Commerces 960,48.88373527851957,2.359736952381451
COMMERCES_961,Commerces 961,48.816678697998235,2.3468054930190494
COMMERCES_962,Commerces 962,48.883057512644505,2.299598907630156
COMMERCES_963,Commerces 963,48.83259710034241,2.318544320582996
COMMERCES_964,Commerces 964,48.890477334418925,2.3223452667431346
COMMERCES_965,Commerces 965,48.82394306814458,2.4030544622831775
COMMERCES_966,Commerces 966,48.85771045672244,2.3803563917417057
COMMERCES_967,Commerces 967,48.84620844834184,2.342114978250443
COMMERCES_968,Commerces 968,48.845554549202866,2.354518487289987
COMMERCES_969,Commerces 969,48.86918423718507,2.280691878458429
COMMERCES_970,Commerces 970,48.850220136825975,2.3736030796140333
COMMERCES_971,Commerces 971,48.84291614457269,2.4117759217970973
COMMERCES_972,Commerces 972,48.87365382648723,2.3595694795787137
COMMERCES_973,Commerces 973,48.85793200247918,2.318928385040636
COMMERCES_974,Commerces 974,48.81693404648203,2.2992530469216224
COMMERCES_975,Commerces 975,48.83099388253237,2.4021467212121497
COMMERCES_976,Commerces 976,48.88563463993085,2.2875457337770104
COMMERCES_977,Commerces 977,48.84937701159927,2.3314031765170236
COMMERCES_978,Commerces 978,48.862687411782936,2.2931082892271584
COMMERCES_979,Commerces 979,48.84264529191942,2.3301575537116124
COMMERCES_980,Commerces 980,48.84660986079741,2.4288185964368862
COMMERCES_981,Commerces 981,48.83860258994363,2.3336819015938937
COMMERCES_982,Commerces 982,48.891526901009996,2.3712024926226762
COMMERCES_983,Commerces 983,48.81738049974198,2.386614402937099
COMMERCES_984,Commerces 984,48.83418521696382,2.2818607740993126
COMMERCES_985,Commerces 985,48.81989091450212,2.3940424965496074
COMMERCES_986,Commerces 986,48.829324514634244,2.3429898649085317
COMMERCES_987,Commerces 987,48.81693949600519,2.319015113591124
COMMERCES_988,Commerces 988,48.89479276653255,2.3853878709501912
COMMERCES_989,Commerces 989,48.86448556083684,2.2780175773220015
COMMERCES_990,Commerces 990,48.85051460161501,2.36357136408025
COMMERCES_991,Commerces 991,48.84310433287464,2.3311480619763976
COMMERCES_992,Commerces 992,48.87650869978172,2.388548420777903
COMMERCES_993,Commerces 993,48.88516820350074,2.378868335632543
COMMERCES_994,Commerces 994,48.81879984688132,2.3007197512040736
COMMERCES_995,Commerces 995,48.8532709211706,2.3770166799869408
COMMERCES_996,Commerces 996,48.822804881828354,2.3851595928304183
COMMERCES_997,Commerces 997,48.89086738409518,2.4272121626112977
COMMERCES_998,Commerces 998,48.82905097239916,2.3210682417464237
COMMERCES_999,Commerces 999,48.81911546802011,2.4162493938313734
COMMERCES_1000,Commerces 1000,48.85709302297193,2.284779685167438
COMMERCES_1001,Commerces 1001,48.84852922512145,2.4208337949406125
COMMERCES_1002,Commerces 1002,48.858556243525165,2.424046732698352
COMMERCES_1003,Commerces 1003,48.888868400537405,2.4016517089130196
COMMERCES_1004,Commerces 1004,48.889713140620856,2.376104203991271
COMMERCES_1005,Commerces 1005,48.884978455097055,2.3201297928918003
COMMERCES_1006,Commerces 1006,48.87458581335517,2.4159259896891605
COMMERCES_1007,Commerces 1007,48.82748815324515,2.37121135158105
COMMERCES_1008,Commerces 1008,48.85012402443024,2.3318589431989274
COMMERCES_1009,Commerces 1009,48.8374894139815,2.339287502047285
COMMERCES_1010,Commerces 1010,48.847035835138286,2.3530756960988253
COMMERCES_1011,Commerces 1011,48.82015541858821,2.330304450505313
COMMERCES_1012,Commerces 1012,48.882296562746,2.318266465324259
COMMERCES_1013,Commerces 1013,48.85236726655799,2.3766856819277455
COMMERCES_1014,Commerces 1014,48.872144512469355,2.3651930678776014
COMMERCES_1015,Commerces 1015,48.86513962777228,2.3622455090763625
COMMERCES_1016,Commerces 1016,48.890762404184485,2.414027805291913
COMMERCES_1017,Commerces 1017,48.82942547231878,2.360018786008106
COMMERCES_1018,Commerces 1018,48.843686785236166,2.282293894966496
COMMERCES_1019,Commerces 1019,48.849444108788916,2.4115027595916474
COMMERCES_1020,Commerces 1020,48.85965821561299,2.342769621001509
COMMERCES_1021,Commerces 1021,48.88925449732042,2.287846023640481
COMMERCES_1022,Commerces 1022,48.8541002630262,2.3271593790435077
COMMERCES_1023,Commerces 1023,48.86641053203622,2.299507880626372
COMMERCES_1024,Commerces 1024,48.89207218742537,2.4201051408227094
COMMERCES_1025,Commerces 1025,48.82882928298,2.2877895752679014
COMMERCES_1026,Commerces 1026,48.891777771075894,2.371108354272587
COMMERCES_1027,Commerces 1027,48.865174198247026,2.4101607142809223
COMMERCES_1028,Commerces 1028,48.82396339842224,2.3982394309787933
COMMERCES_1029,Commerces 1029,48.8475929596666,2.3316904026034986
COMMERCES_1030,Commerces 1030,48.88948358647996,2.4173976897459584
COMMERCES_1031,Commerces 1031,48.878420028455444,2.3868112937192962
COMMERCES_1032,Commerces 1032,48.852143673189914,2.3798177067968513
COMMERCES_1033,Commerces 1033,48.866899294964504,2.38250759737673
COMMERCES_1034,Commerces 1034,48.82309672140109,2.375006926077072
COMMERCES_1035,Commerces 1035,48.84487064145767,2.358323412711764
COMMERCES_1036,Commerces 1036,48.84699573882232,2.323050211240175
COMMERCES_1037,Commerces 1037,48.83284736054016,2.2769908748664265
COMMERCES_1038,Commerces 1038,48.828022337203016,2.3750262140673613
COMMERCES_1039,Commerces 1039,48.82170771801451,2.384337750175354
COMMERCES_1040,Commerces 1040,48.82953614173713,2.3613619755554205
COMMERCES_1041,Commerces 1041,48.83809634826188,2.367988900256113
COMMERCES_1042,Commerces 1042,48.82188301558403,2.3336912268287704
COMMERCES_1043,Commerces 1043,48.87561494045267,2.3445776641114517
COMMERCES_1044,Commerces 1044,48.86756586379676,2.2809430717795047
COMMERCES_1045,Commerces 1045,48.83004333541209,2.315322763265525
COMMERCES_1046,Commerces 1046,48.82432410546543,2.3820254046809297
COMMERCES_1047,Commerces 1047,48.86095701032204,2.276601026307062
COMMERCES_1048,Commerces 1048,48.82646284991381,2.4141952400534596
COMMERCES_1049,Commerces 1049,48.861671187103745,2.2826654885194997
COMMERCES_1050,Commerces 1050,48.884153006053246,2.3063219697765462
COMMERCES_1051,Commerces 1051,48.83126740731902,2.3160835474552894
COMMERCES_1052,Commerces 1052,48.82031573647586,2.3962213474046274
COMMERCES_1053,Commerces 1053,48.87930061424157,2.358938755661498
COMMERCES_1054,Commerces 1054,48.818988847490765,2.2773672296083958
COMMERCES_1055,Commerces 1055,48.892999155357224,2.3340942519397565
COMMERCES_1056,Commerces 1056,48.88499321780124,2.3722695298072725
COMMERCES_1057,Commerces 1057,48.835110106064555,2.406902838699414
COMMERCES_1058,Commerces 1058,48.87610754707629,2.369466245753868
COMMERCES_1059,Commerces 1059,48.879304543736716,2.361336455493201
COMMERCES_1060,Commerces 1060,48.83078206176783,2.379269839872788
COMMERCES_1061,Commerces 1061,48.829996730409725,2.381617901554862
COMMERCES_1062,Commerces 1062,48.89611336147009,2.4061838955087373
COMMERCES_1063,Commerces 1063,48.82037110787336,2.3761504927275783
COMMERCES_1064,Commerces 1064,48.862940787986375,2.397774182867185
COMMERCES_1065,Commerces 1065,48.8538170702362,2.414323196732772
COMMERCES_1066,Commerces 1066,48.829017469954,2.3776682026211584
COMMERCES_1067,Commerces 1067,48.874012799702065,2.3786785382504494
COMMERCES_1068,Commerces 1068,48.83759519232873,2.3391718886158106
COMMERCES_1069,Commerces 1069,48.818874432801245,2.358641258862018
COMMERCES_1070,Commerces 1070,48.81795967345571,2.365750507026161
COMMERCES_1071,Commerces 1071,48.89325064283547,2.3614637356044037
COMMERCES_1072,Commerces 1072,48.865068667522884,2.387515599449365
COMMERCES_1073,Commerces 1073,48.81864921099737,2.2990105805638703
COMMERCES_1074,Commerces 1074,48.84467059544999,2.305288530408333
COMMERCES_1075,Commerces 1075,48.83986378260706,2.334352344456611
COMMERCES_1076,Commerces 1076,48.81938664954763,2.2770765048637385
COMMERCES_1077,Commerces 1077,48.85611404430457,2.3984229599622866
COMMERCES_1078,Commerces 1078,48.84248207172377,2.3350711882111517
COMMERCES_1079,Commerces 1079,48.87845565249714,2.318192173899529
COMMERCES_1080,Commerces 1080,48.85298746288274,2.2829043131561657
COMMERCES_1081,Commerces 1081,48.87954183162313,2.370099908608808
COMMERCES_1082,Commerces 1082,48.846168263083634,2.398914404748692
COMMERCES_1083,Commerces 1083,48.84894020698223,2.409467195331688
COMMERCES_1084,Commerces 1084,48.8231122424555,2.4229751549134084
COMMERCES_1085,Commerces 1085,48.85907047326416,2.307708369285915
COMMERCES_1086,Commerces 1086,48.81913314031884,2.3447028498095266
COMMERCES_1087,Commerces 1087,48.85780723165034,2.3568805822453402
COMMERCES_1088,Commerces 1088,48.82074901642895,2.400066982418428
COMMERCES_1089,Commerces 1089,48.84383313543524,2.341220850512353
COMMERCES_1090,Commerces 1090,48.82683688456534,2.375114702121309
COMMERCES_1091,Commerces 1091,48.84154484122264,2.3644674404556403
COMMERCES_1092,Commerces 1092,48.84641266753925,2.4165130723911137
COMMERCES_1093,Commerces 1093,48.83506865648096,2.3088653318468975
COMMERCES_1094,Commerces 1094,48.84980239362585,2.300991891137756
COMMERCES_1095,Commerces 1095,48.87105885997275,2.3173608812966338
COMMERCES_1096,Commerces 1096,48.85792201762166,2.3103320128790688
COMMERCES_1097,Commerces 1097,48.88476094175752,2.3108906613819653
COMMERCES_1098,Commerces 1098,48.8428482474742,2.429277819872196
COMMERCES_1099,Commerces 1099,48.851899155054106,2.3090951620131865
COMMERCES_1100,Commerces 1100,48.82668814099337,2.3902309660974645
COMMERCES_1101,Commerces 1101,48.85394769458552,2.3028911626811253
COMMERCES_1102,Commerces 1102,48.893118819145656,2.336573195837332
COMMERCES_1103,Commerces 1103,48.86582951856677,2.383100298829998
COMMERCES_1104,Commerces 1104,48.82654359019972,2.325024246482294
COMMERCES_1105,Commerces 1105,48.85546043559283,2.2808036478561986
COMMERCES_1106,Commerces 1106,48.85829916219553,2.3161775929421284
COMMERCES_1107,Commerces 1107,48.87062655127139,2.428169337752043
COMMERCES_1108,Commerces 1108,48.821353318073605,2.3279836390492528
COMMERCES_1109,Commerces 1109,48.854412086235506,2.297515505264732
COMMERCES_1110,Commerces 1110,48.889140037004616,2.3907633060205224
COMMERCES_1111,Commerces 1111,48.84176231822195,2.420255491809017
COMMERCES_1112,Commerces 1112,48.84070213738699,2.3746192748095667
COMMERCES_1113,Commerces 1113,48.88118783119996,2.420694279640161
COMMERCES_1114,Commerces 1114,48.84890662224671,2.4122979185135627
COMMERCES_1115,Commerces 1115,48.84000497107772,2.3197351004433364
COMMERCES_1116,Commerces 1116,48.86962470459434,2.3888643523991995
COMMERCES_1117,Commerces 1117,48.88757434549761,2.277166542779132
COMMERCES_1118,Commerces 1118,48.89351441502937,2.3842329664443853
COMMERCES_1119,Commerces 1119,48.817906936735326,2.4065475904053404
COMMERCES_1120,Commerces 1120,48.85236791330709,2.3449660455252688
COMMERCES_1121,Commerces 1121,48.8357929835707,2.415948507230308
COMMERCES_1122,Commerces 1122,48.82888475629001,2.3020474747407573
COMMERCES_1123,Commerces 1123,48.88853559277785,2.3832199462660952
COMMERCES_1124,Commerces 1124,48.85764037566385,2.3094738145144293
COMMERCES_1125,Commerces 1125,48.84575135642954,2.2843833434614176
COMMERCES_1126,Commerces 1126,48.86602432096592,2.4007952998777506
COMMERCES_1127,Commerces 1127,48.82062998960018,2.407998922056637
COMMERCES_1128,Commerces 1128,48.85367334236659,2.354058591835739
COMMERCES_1129,Commerces 1129,48.85426886527474,2.277313690085376
COMMERCES_1130,Commerces 1130,48.87857756899042,2.302669052103772
COMMERCES_1131,Commerces 1131,48.82249754491718,2.3118953296986255
COMMERCES_1132,Commerces 1132,48.86956117029236,2.374269241526672
COMMERCES_1133,Commerces 1133,48.87449930876803,2.353279263572615
COMMERCES_1134,Commerces 1134,48.867858287991204,2.412020481514271
COMMERCES_1135,Commerces 1135,48.81792710554765,2.281209313151805
COMMERCES_1136,Commerces 1136,48.88291192217055,2.3922770318265982
COMMERCES_1137,Commerces 1137,48.8537401089021,2.2859326732236225
COMMERCES_1138,Commerces 1138,48.84041667093548,2.2902252648691475
COMMERCES_1139,Commerces 1139,48.83651403043063,2.309243485408202
COMMERCES_1140,Commerces 1140,48.88868065408654,2.2805337519161606
COMMERCES_1141,Commerces 1141,48.882960436502984,2.3116756792339297
COMMERCES_1142,Commerces 1142,48.842483574589465,2.34927101328105
COMMERCES_1143,Commerces 1143,48.85458064831482,2.387229824602599
COMMERCES_1144,Commerces 1144,48.846669749881535,2.298213907482103
COMMERCES_1145,Commerces 1145,48.86626959768464,2.3320304941687895
COMMERCES_1146,Commerces 1146,48.89291637544154,2.2870736656018607
COMMERCES_1147,Commerces 1147,48.89127317979176,2.29999500060593
COMMERCES_1148,Commerces 1148,48.878276657483404,2.346065110470581
COMMERCES_1149,Commerces 1149,48.82889258521409,2.343315152612955
COMMERCES_1150,Commerces 1150,48.84631144963803,2.300836828299561
COMMERCES_1151,Commerces 1151,48.883255759091796,2.373686510228344
COMMERCES_1152,Commerces 1152,48.82789582041681,2.3449277585721844
COMMERCES_1153,Commerces 1153,48.85737607955192,2.281084600573514
COMMERCES_1154,Commerces 1154,48.877411031415235,2.404138371933003
COMMERCES_1155,Commerces 1155,48.88822927058837,2.405113689189742
COMMERCES_1156,Commerces 1156,48.869377546788876,2.2765385994921927
COMMERCES_1157,Commerces 1157,48.87284475326454,2.3484250782633884
COMMERCES_1158,Commerces 1158,48.88705844163085,2.4136478766532465
COMMERCES_1159,Commerces 1159,48.870208560341545,2.2771663153725603
COMMERCES_1160,Commerces 1160,48.85669325315514,2.2889560237144777
COMMERCES_1161,Commerces 1161,48.88769789833366,2.3497812135306004
COMMERCES_1162,Commerces 1162,48.8273599846864,2.4184071919025945
COMMERCES_1163,Commerces 1163,48.86781529405556,2.391818288142582
COMMERCES_1164,Commerces 1164,48.83417425023202,2.278077930000972
COMMERCES_1165,Commerces 1165,48.82893292142703,2.3460213300194543
COMMERCES_1166,Commerces 1166,48.85157736248399,2.369278672518056
COMMERCES_1167,Commerces 1167,48.884133690424974,2.4184000237813774
COMMERCES_1168,Commerces 1168,48.858478649109266,2.308753081544629
COMMERCES_1169,Commerces 1169,48.85125926778841,2.412203427542051
COMMERCES_1170,Commerces 1170,48.86614322201393,2.405580966844564
COMMERCES_1171,Commerces 1171,48.85223288950876,2.3521976276844025
COMMERCES_1172,Commerces 1172,48.85784955867707,2.318589450986167
COMMERCES_1173,Commerces 1173,48.83974936237236,2.289996843940723
COMMERCES_1174,Commerces 1174,48.86304212692019,2.2737691654509407
COMMERCES_1175,Commerces 1175,48.88971925375032,2.2985718659862973
COMMERCES_1176,Commerces 1176,48.89388710297528,2.3153278652548344
COMMERCES_1177,Commerces 1177,48.85926826083866,2.3591163169034144
COMMERCES_1178,Commerces 1178,48.87588709381959,2.39008765625533
COMMERCES_1179,Commerces 1179,48.88612536389419,2.310549293541679
COMMERCES_1180,Commerces 1180,48.81935876564651,2.3951764323281886
COMMERCES_1181,Commerces 1181,48.87319193346946,2.2873907406462997
COMMERCES_1182,Commerces 1182,48.83077145231794,2.342145988960035
COMMERCES_1183,Commerces 1183,48.845921915052784,2.2753992774012777
COMMERCES_1184,Commerces 1184,48.87735376736774,2.3294529797158123
COMMERCES_1185,Commerces 1185,48.86553205211425,2.334411481121043
COMMERCES_1186,Commerces 1186,48.88552727127247,2.3700111635500294
COMMERCES_1187,Commerces 1187,48.857053652884524,2.3515685301666767
COMMERCES_1188,Commerces 1188,48.849145247703845,2.4285906667942494
COMMERCES_1189,Commerces 1189,48.86838902836197,2.41361556964784
COMMERCES_1190,Commerces 1190,48.83765680206184,2.32840067534712
COMMERCES_1191,Commerces 1191,48.84465962251427,2.3970897619550744
COMMERCES_1192,Commerces 1192,48.872027676158226,2.313266494043964
COMMERCES_1193,Commerces 1193,48.89270155659985,2.363643664349054
COMMERCES_1194,Commerces 1194,48.87472623513839,2.3122663784514543
COMMERCES_1195,Commerces 1195,48.87597286523497,2.3121694797445937
COMMERCES_1196,Commerces 1196,48.86581131242609,2.316265823152258
COMMERCES_1197,Commerces 1197,48.85603321244091,2.3383331755860466
COMMERCES_1198,Commerces 1198,48.85211711431932,2.2982056308052
COMMERCES_1199,Commerces 1199,48.84312459954336,2.4262392724656605
COMMERCES_1200,Commerces 1200,48.825496492397995,2.4198395503674357
COMMERCES_1201,Commerces 1201,48.8208536588366,2.396617714398609
COMMERCES_1202,Commerces 1202,48.83074428545014,2.2923220694197894
COMMERCES_1203,Commerces 1203,48.8332600316376,2.339327290667846
COMMERCES_1204,Commerces 1204,48.87784011068299,2.3809411396703544
COMMERCES_1205,Commerces 1205,48.85745361249592,2.3662383026833105
COMMERCES_1206,Commerces 1206,48.82712852253388,2.3657262345792773
COMMERCES_1207,Commerces 1207,48.84387265865647,2.3694770676962142
COMMERCES_1208,Commerces 1208,48.89051186089025,2.399667796385201
COMMERCES_1209,Commerces 1209,48.87028465029124,2.4262719740862724
COMMERCES_1210,Commerces 1210,48.89404318483833,2.3830092310429856
COMMERCES_1211,Commerces 1211,48.82061575191148,2.3028770204978417
COMMERCES_1212,Commerces 1212,48.851410431156665,2.305921883214237
COMMERCES_1213,Commerces 1213,48.89395882002186,2.397027535180832
COMMERCES_1214,Commerces 1214,48.85290907117111,2.3249146981914284
COMMERCES_1215,Commerces 1215,48.886527284266606,2.2853186263268936
COMMERCES_1216,Commerces 1216,48.81744828457275,2.424432495994933
COMMERCES_1217,Commerces 1217,48.85841095906245,2.383099976211048
COMMERCES_1218,Commerces 1218,48.864274411543306,2.3699761490531093
COMMERCES_1219,Commerces 1219,48.8654842199923,2.423214328946569
COMMERCES_1220,Commerces 1220,48.82129074120699,2.3369620899676176
COMMERCES_1221,Commerces 1221,48.83433175620951,2.322567074131661
COMMERCES_1222,Commerces 1222,48.8695851664245,2.412135890451085
COMMERCES_1223,Commerces 1223,48.836846124554135,2.353975177367464
COMMERCES_1224,Commerces 1224,48.862650974618425,2.3127265198081837
COMMERCES_1225,Commerces 1225,48.8772685327327,2.283329286261114
COMMERCES_1226,Commerces 1226,48.81703413559578,2.4279569283062767
COMMERCES_1227,Commerces 1227,48.86835321639399,2.4150728900315266
COMMERCES_1228,Commerces 1228,48.85237649313154,2.3664854794219927
COMMERCES_1229,Commerces 1229,48.85654472917522,2.325543351389991
COMMERCES_1230,Commerces 1230,48.86874545204357,2.3053190928067395
COMMERCES_1231,Commerces 1231,48.89127232364804,2.4171990295684913
COMMERCES_1232,Commerces 1232,48.834008942437926,2.289283976116795
COMMERCES_1233,Commerces 1233,48.89466634529711,2.3750277648991736
COMMERCES_1234,Commerces 1234,48.857462698324575,2.3476096509770046
COMMERCES_1235,Commerces 1235,48.85460874928004,2.342827253948247
COMMERCES_1236,Commerces 1236,48.8218527533253,2.31097599787439
COMMERCES_1237,Commerces 1237,48.89079746094024,2.3534275605701622
COMMERCES_1238,Commerces 1238,48.819119738697005,2.3110924302558358
COMMERCES_1239,Commerces 1239,48.84753303339706,2.4225919970802767
COMMERCES_1240,Commerces 1240,48.88901026189664,2.3905979883999238
COMMERCES_1241,Commerces 1241,48.84581049601594,2.356903036474156
COMMERCES_1242,Commerces 1242,48.862636276245084,2.3513392694564916
COMMERCES_1243,Commerces 1243,48.840430595729856,2.354343748155687
COMMERCES_1244,Commerces 1244,48.885924889613605,2.2967386505474425
COMMERCES_1245,Commerces 1245,48.88659178533663,2.3487850461476687
COMMERCES_1246,Commerces 1246,48.891124305858774,2.284143764844931
COMMERCES_1247,Commerces 1247,48.83765656845941,2.2969531839374864
COMMERCES_1248,Commerces 1248,48.83436807180863,2.420394841238935
COMMERCES_1249,Commerces 1249,48.82387880194282,2.4003417322424423
COMMERCES_1250,Commerces 1250,48.84577443546771,2.4117647518297525
COMMERCES_1251,Commerces 1251,48.875281978193584,2.327848718346654
COMMERCES_1252,Commerces 1252,48.825207481075125,2.365961262990958
COMMERCES_1253,Commerces 1253,48.81737031158988,2.3183507582696166
COMMERCES_1254,Commerces 1254,48.883019978173884,2.3134373820834826
COMMERCES_1255,Commerces 1255,48.82566772720646,2.418951516720096
COMMERCES_1256,Commerces 1256,48.890034806264154,2.3527807978566067
COMMERCES_1257,Commerces 1257,48.863061362891365,2.3744032447970014
COMMERCES_1258,Commerces 1258,48.87304314746755,2.286801633575668
COMMERCES_1259,Commerces 1259,48.86970963726397,2.3763934596535607
COMMERCES_1260,Commerces 1260,48.85667009507429,2.323557144360085
COMMERCES_1261,Commerces 1261,48.83939067244406,2.323282406153948
COMMERCES_1262,Commerces 1262,48.89528089431497,2.403763584384648
COMMERCES_1263,Commerces 1263,48.879467607502214,2.2862305185161924
COMMERCES_1264,Commerces 1264,48.81896114200847,2.330991661141425
COMMERCES_1265,Commerces 1265,48.84900835744957,2.4287377615501478
COMMERCES_1266,Commerces 1266,48.872244635124495,2.3922272430890064
COMMERCES_1267,Commerces 1267,48.87198196186056,2.286595841713692
COMMERCES_1268,Commerces 1268,48.888061951374304,2.299229110274524
COMMERCES_1269,Commerces 1269,48.85651765579048,2.3552199278731853
COMMERCES_1270,Commerces 1270,48.828615673346526,2.322298835726918
COMMERCES_1271,Commerces 1271,48.87037522966818,2.395171544953541
COMMERCES_1272,Commerces 1272,48.8700105909703,2.4025976617328104
COMMERCES_1273,Commerces 1273,48.83604979967571,2.334223571090599
COMMERCES_1274,Commerces 1274,48.838673621049324,2.324830008422889
COMMERCES_1275,Commerces 1275,48.87960260453017,2.3045445385267493
COMMERCES_1276,Commerces 1276,48.83504340577837,2.330143406722612
COMMERCES_1277,Commerces 1277,48.84850342228696,2.4311591579137395
COMMERCES_1278,Commerces 1278,48.870094346137606,2.3374505240083723
COMMERCES_1279,Commerces 1279,48.82495358767269,2.3092868294011013
COMMERCES_1280,Commerces 1280,48.832274080142795,2.3205511368281955
COMMERCES_1281,Commerces 1281,48.869330269948705,2.2779826580962133
COMMERCES_1282,Commerces 1282,48.86339060212407,2.302828309560013
COMMERCES_1283,Commerces 1283,48.879023653726776,2.3463432203789547
COMMERCES_1284,Commerces 1284,48.8960288704699,2.364641061806509
COMMERCES_1285,Commerces 1285,48.830261644655394,2.3338699081552554
COMMERCES_1286,Commerces 1286,48.8587993947398,2.3179368412399155
COMMERCES_1287,Commerces 1287,48.866045272925504,2.341285045866004
COMMERCES_1288,Commerces 1288,48.87455037767513,2.282411588247658
COMMERCES_1289,Commerces 1289,48.833768406427055,2.2807039059311682
COMMERCES_1290,Commerces 1290,48.88186895192908,2.2838047708999096
COMMERCES_1291,Commerces 1291,48.867809920216445,2.396080635212421
COMMERCES_1292,Commerces 1292,48.86793782680495,2.3718860829348154
COMMERCES_1293,Commerces 1293,48.84522731479286,2.297023707366279
COMMERCES_1294,Commerces 1294,48.8213927202451,2.3921432014958404
COMMERCES_1295,Commerces 1295,48.87977193811785,2.414783295634566
COMMERCES_1296,Commerces 1296,48.87167142705132,2.3553613265269644
COMMERCES_1297,Commerces 1297,48.851453648222645,2.3740740244773573
COMMERCES_1298,Commerces 1298,48.818971403262495,2.288374006068681
COMMERCES_1299,Commerces 1299,48.87579288125579,2.2871311777894197
COMMERCES_1300,Commerces 1300,48.87868666140079,2.3262448896654857
COMMERCES_1301,Commerces 1301,48.821214422170705,2.4089575697369674
COMMERCES_1302,Commerces 1302,48.84031662140947,2.337001507807918
COMMERCES_1303,Commerces 1303,48.8651897400944,2.2911498859100266
COMMERCES_1304,Commerces 1304,48.862301394882344,2.3537194883155
COMMERCES_1305,Commerces 1305,48.86207117956486,2.307164819422429
COMMERCES_1306,Commerces 1306,48.87810710483188,2.345866597462193
COMMERCES_1307,Commerces 1307,48.83135155307215,2.420763859136319
COMMERCES_1308,Commerces 1308,48.87154394208374,2.334837358933038
COMMERCES_1309,Commerces 1309,48.861800949191455,2.407030192168558
COMMERCES_1310,Commerces 1310,48.82540324568998,2.3642917082218413
COMMERCES_1311,Commerces 1311,48.8612373084754,2.3362064731031222
COMMERCES_1312,Commerces 1312,48.893107101172205,2.353522982833055
COMMERCES_1313,Commerces 1313,48.89104451036242,2.2893196222132026
COMMERCES_1314,Commerces 1314,48.85714394576182,2.290896295597361
COMMERCES_1315,Commerces 1315,48.842827838098586,2.4102314204984037
COMMERCES_1316,Commerces 1316,48.87708137528578,2.2978682301237274
COMMERCES_1317,Commerces 1317,48.846099897978505,2.385293576813661
COMMERCES_1318,Commerces 1318,48.82470094755393,2.351823822709677
COMMERCES_1319,Commerces 1319,48.853484990533104,2.4278374723208787
COMMERCES_1320,Commerces 1320,48.88861004787011,2.328228105242697
COMMERCES_1321,Commerces 1321,48.87131864813978,2.2791528571011335
COMMERCES_1322,Commerces 1322,48.836212267885124,2.332506241166761
COMMERCES_1323,Commerces 1323,48.869692591895834,2.412302969787698
COMMERCES_1324,Commerces 1324,48.881175830337575,2.3916134336652086
COMMERCES_1325,Commerces 1325,48.884670588921686,2.2776190789074966
COMMERCES_1326,Commerces 1326,48.85428411635952,2.3787702123099366
COMMERCES_1327,Commerces 1327,48.86092684961215,2.377677260404456
COMMERCES_1328,Commerces 1328,48.842862652431535,2.348319189682962
COMMERCES_1329,Commerces 1329,48.88221550011373,2.315250840700579
COMMERCES_1330,Commerces 1330,48.83111944397252,2.297936571325589
COMMERCES_1331,Commerces 1331,48.87738099091353,2.361710875930211
COMMERCES_1332,Commerces 1332,48.883117434706236,2.380807107980137
COMMERCES_1333,Commerces 1333,48.81948300550155,2.312736968248066
COMMERCES_1334,Commerces 1334,48.824691213086666,2.4196970123921924
COMMERCES_1335,Commerces 1335,48.82941245702184,2.3954874001323216
COMMERCES_1336,Commerces 1336,48.82651025629528,2.3294115611224204
COMMERCES_1337,Commerces 1337,48.84368383886759,2.3849356578225316
COMMERCES_1338,Commerces 1338,48.86654094634059,2.288314341954
COMMERCES_1339,Commerces 1339,48.870142165094265,2.301259959700532
COMMERCES_1340,Commerces 1340,48.873813920813795,2.331697018768846
COMMERCES_1341,Commerces 1341,48.895161468843945,2.3163161402597523
COMMERCES_1342,Commerces 1342,48.87096408520669,2.2832675926792994
COMMERCES_1343,Commerces 1343,48.85164371130824,2.3224167228282444
COMMERCES_1344,Commerces 1344,48.82533169333553,2.3250341409927273
COMMERCES_1345,Commerces 1345,48.83354845223825,2.34382073946153
COMMERCES_1346,Commerces 1346,48.81800600332535,2.4157169487562298
COMMERCES_1347,Commerces 1347,48.8816495308246,2.4043977640341607
COMMERCES_1348,Commerces 1348,48.87888777814146,2.322685887122375
COMMERCES_1349,Commerces 1349,48.85149297084024,2.3202235874451853
COMMERCES_1350,Commerces 1350,48.87996166443194,2.3164258403080917
COMMERCES_1351,Commerces 1351,48.81796108376213,2.2891317265267395
COMMERCES_1352,Commerces 1352,48.884511084607006,2.3038095151360785
COMMERCES_1353,Commerces 1353,48.87425175060326,2.367577688907615
COMMERCES_1354,Commerces 1354,48.82538576995225,2.389224659106803
COMMERCES_1355,Commerces 1355,48.89201581158864,2.3317290506189683
COMMERCES_1356,Commerces 1356,48.833154330684906,2.4135464855799564
COMMERCES_1357,Commerces 1357,48.86594614249025,2.4117810930904833
COMMERCES_1358,Commerces 1358,48.83993408166667,2.285735419309472
COMMERCES_1359,Commerces 1359,48.859946621783145,2.3524563099699134
COMMERCES_1360,Commerces 1360,48.837777319307264,2.2901428924525815
COMMERCES_1361,Commerces 1361,48.83008942756661,2.403809544047415
COMMERCES_1362,Commerces 1362,48.824580585290164,2.341994228052808
COMMERCES_1363,Commerces 1363,48.84779112730129,2.325508079806895
COMMERCES_1364,Commerces 1364,48.838109603098125,2.337058999738732
COMMERCES_1365,Commerces 1365,48.81805715791303,2.318679513407668
COMMERCES_1366,Commerces 1366,48.89595709658494,2.423151996823956
COMMERCES_1367,Commerces 1367,48.87859753205743,2.4142008633404686
COMMERCES_1368,Commerces 1368,48.86147192441951,2.376325675771668
COMMERCES_1369,Commerces 1369,48.85946519050612,2.352947227287166
COMMERCES_1370,Commerces 1370,48.89586695095009,2.3367542574861986
COMMERCES_1371,Commerces 1371,48.82785074000089,2.3270322992386396
COMMERCES_1372,Commerces 1372,48.89168930654305,2.4306117294208978
COMMERCES_1373,Commerces 1373,48.88502646161283,2.333001122535429
COMMERCES_1374,Commerces 1374,48.831944002050136,2.390819207975728
COMMERCES_1375,Commerces 1375,48.854835685280186,2.318561417227885
COMMERCES_1376,Commerces 1376,48.89301753499228,2.303574238725375
COMMERCES_1377,Commerces 1377,48.875146334331035,2.389606832882151
COMMERCES_1378,Commerces 1378,48.8714271645061,2.296241818555592
COMMERCES_1379,Commerces 1379,48.844755279022976,2.4072271668133505
COMMERCES_1380,Commerces 1380,48.85347190723412,2.2803459567820226
COMMERCES_1381,Commerces 1381,48.896463314938224,2.2757594580767395
COMMERCES_1382,Commerces 1382,48.888060762402276,2.4022071652735666
COMMERCES_1383,Commerces 1383,48.84840006387508,2.3636209392255494
COMMERCES_1384,Commerces 1384,48.89610710252386,2.40359878635026
COMMERCES_1385,Commerces 1385,48.83227633176791,2.2781567928577484
COMMERCES_1386,Commerces 1386,48.828399459641815,2.2820520589875906
COMMERCES_1387,Commerces 1387,48.8266369270829,2.3426715090467036
COMMERCES_1388,Commerces 1388,48.84991824779823,2.319296997259215
COMMERCES_1389,Commerces 1389,48.85147697040213,2.2873599057978584
COMMERCES_1390,Commerces 1390,48.8483944199914,2.3102198215363705
COMMERCES_1391,Commerces 1391,48.86474660989304,2.363308718626553
COMMERCES_1392,Commerces 1392,48.842767869171524,2.281234191252016
COMMERCES_1393,Commerces 1393,48.84263671534656,2.4097536063894727
COMMERCES_1394,Commerces 1394,48.83985710203282,2.2827486094157265
COMMERCES_1395,Commerces 1395,48.83920386391878,2.4227365227817566
COMMERCES_1396,Commerces 1396,48.85595545730759,2.422555328912196
COMMERCES_1397,Commerces 1397,48.851140351449814,2.3891758494432773
COMMERCES_1398,Commerces 1398,48.88016089685573,2.385927889223315
COMMERCES_1399,Commerces 1399,48.84672565349047,2.371372311077441
COMMERCES_1400,Commerces 1400,48.832780781481844,2.351835697046902
COMMERCES_1401,Commerces 1401,48.87187413638373,2.328721031470442
COMMERCES_1402,Commerces 1402,48.84078009332693,2.291390411780049
COMMERCES_1403,Commerces 1403,48.85848857668498,2.423548060611248
COMMERCES_1404,Commerces 1404,48.84168090653379,2.2772092999922946
COMMERCES_1405,Commerces 1405,48.83094090880463,2.335171832023386
COMMERCES_1406,Commerces 1406,48.82068010288054,2.421386023757108
COMMERCES_1407,Commerces 1407,48.82671030354871,2.3831653251843314
COMMERCES_1408,Commerces 1408,48.84948415481446,2.280023206145981
COMMERCES_1409,Commerces 1409,48.868562955223524,2.3628610600816184
COMMERCES_1410,Commerces 1410,48.84613700418516,2.292538265056822
COMMERCES_1411,Commerces 1411,48.860500297345986,2.388524291692065
COMMERCES_1412,Commerces 1412,48.837306681256464,2.4005643984179637
COMMERCES_1413,Commerces 1413,48.83495005334349,2.402386213319415
COMMERCES_1414,Commerces 1414,48.896156539363645,2.3123544688842252
COMMERCES_1415,Commerces 1415,48.824206512460776,2.279689558390392
COMMERCES_1416,Commerces 1416,48.85284595862201,2.4174543972147013
COMMERCES_1417,Commerces 1417,48.83319224822979,2.3261530806732442
COMMERCES_1418,Commerces 1418,48.879752598230624,2.41494339440959
COMMERCES_1419,Commerces 1419,48.87576734679091,2.302456001612314
COMMERCES_1420,Commerces 1420,48.82354399426218,2.3349386466504365
COMMERCES_1421,Commerces 1421,48.83484465689535,2.379741162179411
COMMERCES_1422,Commerces 1422,48.87923815211874,2.3504919360022494
COMMERCES_1423,Commerces 1423,48.83019421768075,2.3907112043621255
COMMERCES_1424,Commerces 1424,48.88732684051127,2.342728474268532
COMMERCES_1425,Commerces 1425,48.821490417372885,2.4103495916141164
COMMERCES_1426,Commerces 1426,48.83983051714512,2.373012770915683
COMMERCES_1427,Commerces 1427,48.862996464908406,2.3239965815544172
COMMERCES_1428,Commerces 1428,48.88191238413837,2.3832106010930105
COMMERCES_1429,Commerces 1429,48.88862566344354,2.4161204245541863
COMMERCES_1430,Commerces 1430,48.83665287407632,2.3033557988875515
COMMERCES_1431,Commerces 1431,48.837745967706084,2.425222352681054
COMMERCES_1432,Commerces 1432,48.859869511749395,2.3873922577150686
COMMERCES_1433,Commerces 1433,48.86933009787459,2.412517665411301
COMMERCES_1434,Commerces 1434,48.826093987740386,2.3625167139268104
COMMERCES_1435,Commerces 1435,48.85631917240972,2.2970751668734954
COMMERCES_1436,Commerces 1436,48.87764171843167,2.356762591969406
COMMERCES_1437,Commerces 1437,48.832023199720176,2.328156816910523
COMMERCES_1438,Commerces 1438,48.849459657258926,2.349808077343362
COMMERCES_1439,Commerces 1439,48.86647458169805,2.2807433460927786
COMMERCES_1440,Commerces 1440,48.859821944469246,2.3630824122286804
COMMERCES_1441,Commerces 1441,48.82139265366936,2.3105690834074166
COMMERCES_1442,Commerces 1442,48.837921752416186,2.431876924104901
COMMERCES_1443,Commerces 1443,48.879613925526535,2.3585518605171365
COMMERCES_1444,Commerces 1444,48.83348369741557,2.3468876797931992
COMMERCES_1445,Commerces 1445,48.819671684673025,2.314822077961861
COMMERCES_1446,Commerces 1446,48.82637179401252,2.3562153197184807
COMMERCES_1447,Commerces 1447,48.821111036969505,2.4211862858145974
COMMERCES_1448,Commerces 1448,48.85107875429326,2.3648585558597413
COMMERCES_1449,Commerces 1449,48.83206597174366,2.3185476928020483
COMMERCES_1450,Commerces 1450,48.83414905367981,2.312389220000851
COMMERCES_1451,Commerces 1451,48.828356891354005,2.3712249344721745
COMMERCES_1452,Commerces 1452,48.85357445818201,2.2758712266164096
COMMERCES_1453,Commerces 1453,48.837604896355906,2.394101950129527
COMMERCES_1454,Commerces 1454,48.89573312603549,2.288710172744906
COMMERCES_1455,Commerces 1455,48.85677767140075,2.387460823819673
COMMERCES_1456,Commerces 1456,48.88506383255935,2.409618774938235
COMMERCES_1457,Commerces 1457,48.86261878009643,2.316218508520174
COMMERCES_1458,Commerces 1458,48.837428267113154,2.324668933901244
COMMERCES_1459,Commerces 1459,48.829492155642654,2.2771013091463472
COMMERCES_1460,Commerces 1460,48.87562747031252,2.362183487249657
COMMERCES_1461,Commerces 1461,48.82730451095393,2.351229331130497
COMMERCES_1462,Commerces 1462,48.85135713480358,2.2822165263065086
COMMERCES_1463,Commerces 1463,48.84400504479905,2.363173694806159
COMMERCES_1464,Commerces 1464,48.8379173671609,2.3035926171105316
COMMERCES_1465,Commerces 1465,48.894408479543934,2.308858005667919
COMMERCES_1466,Commerces 1466,48.85021223100325,2.40080411053455
COMMERCES_1467,Commerces 1467,48.89041565646096,2.30514749439103
COMMERCES_1468,Commerces 1468,48.855189401788785,2.3875126776779068
COMMERCES_1469,Commerces 1469,48.83189522632703,2.389370476301489
COMMERCES_1470,Commerces 1470,48.83728429719002,2.277601593125275
COMMERCES_1471,Commerces 1471,48.85982188190393,2.3102178046082487
COMMERCES_1472,Commerces 1472,48.848901051341265,2.4311900162320246
COMMERCES_1473,Commerces 1473,48.85639065695708,2.3828811398189704
COMMERCES_1474,Commerces 1474,48.87028689400365,2.377315303449678
COMMERCES_1475,Commerces 1475,48.833007657414065,2.4257799866698257
COMMERCES_1476,Commerces 1476,48.83069504117696,2.338688156941351
COMMERCES_1477,Commerces 1477,48.816649073741395,2.3592799596687852
COMMERCES_1478,Commerces 1478,48.8565073073556,2.3951121257674597
COMMERCES_1479,Commerces 1479,48.85898544983665,2.400092412151374
COMMERCES_1480,Commerces 1480,48.871698470410635,2.3597987351906875
COMMERCES_1481,Commerces 1481,48.84557815199389,2.4081050361327727
COMMERCES_1482,Commerces 1482,48.87725024565832,2.330362531302832
COMMERCES_1483,Commerces 1483,48.87750214185367,2.391774445041946
COMMERCES_1484,Commerces 1484,48.849980538726015,2.3258626140853327
COMMERCES_1485,Commerces 1485,48.86728663609563,2.3374157828353823
COMMERCES_1486,Commerces 1486,48.87378842578506,2.301445482288041
COMMERCES_1487,Commerces 1487,48.894682121852505,2.406221640186371
COMMERCES_1488,Commerces 1488,48.826079200982164,2.2746152400641653
COMMERCES_1489,Commerces 1489,48.83519558016709,2.4051447999858855
COMMERCES_1490,Commerces 1490,48.838310727062094,2.3996198623443163
COMMERCES_1491,Commerces 1491,48.870167525887474,2.42459816217401
COMMERCES_1492,Commerces 1492,48.84782118098132,2.361999590821349
COMMERCES_1493,Commerces 1493,48.83038042694101,2.4094819097387568
COMMERCES_1494,Commerces 1494,48.819085991107656,2.281914645265308
COMMERCES_1495,Commerces 1495,48.83141517247072,2.2920084739588606
COMMERCES_1496,Commerces 1496,48.82950513176951,2.34519338698922
COMMERCES_1497,Commerces 1497,48.84297158392987,2.310585235039196
COMMERCES_1498,Commerces 1498,48.84484557190065,2.3394527566026366
COMMERCES_1499,Commerces 1499,48.817695767586486,2.3553279699036347
COMMERCES_1500,Commerces 1500,48.84859971072426,2.3556267845445453
COMMERCES_1501,Commerces 1501,48.81863980141815,2.3700458436298124
COMMERCES_1502,Commerces 1502,48.839256926470114,2.2740027512360697
COMMERCES_1503,Commerces 1503,48.837668004225534,2.375088736993507
COMMERCES_1504,Commerces 1504,48.85904806987173,2.3900655962357735
COMMERCES_1505,Commerces 1505,48.882089119269835,2.392833132240966
COMMERCES_1506,Commerces 1506,48.8355651232096,2.425869065809438
COMMERCES_1507,Commerces 1507,48.88175247519283,2.3028912435393747
COMMERCES_1508,Commerces 1508,48.88941881514906,2.3268975899592137
COMMERCES_1509,Commerces 1509,48.85513935084536,2.3243530461877167
COMMERCES_1510,Commerces 1510,48.86893392141521,2.3120423034101307
COMMERCES_1511,Commerces 1511,48.827432017350255,2.4210246390409913
COMMERCES_1512,Commerces 1512,48.86683843859959,2.3218245977813328
COMMERCES_1513,Commerces 1513,48.88510456785569,2.3981417936875666
COMMERCES_1514,Commerces 1514,48.85121277064137,2.27874243243766
COMMERCES_1515,Commerces 1515,48.849892867059594,2.4125004727322876
COMMERCES_1516,Commerces 1516,48.83621822240041,2.367517753887765
COMMERCES_1517,Commerces 1517,48.89479215226095,2.3058954829111586
COMMERCES_1518,Commerces 1518,48.843735162436175,2.328857362324993
COMMERCES_1519,Commerces 1519,48.833683114833235,2.3871920844697168
COMMERCES_1520,Commerces 1520,48.85927644269105,2.4258390772452874
COMMERCES_1521,Commerces 1521,48.88178455607533,2.321483853010034
COMMERCES_1522,Commerces 1522,48.872975693608055,2.4117917123239576
COMMERCES_1523,Commerces 1523,48.834944719477654,2.2821382335965192
COMMERCES_1524,Commerces 1524,48.85871074867056,2.281334182369125
COMMERCES_1525,Commerces 1525,48.88989579099219,2.4223929841937712
COMMERCES_1526,Commerces 1526,48.88946249125181,2.286217023175674
COMMERCES_1527,Commerces 1527,48.83627642608046,2.2928203657971076
COMMERCES_1528,Commerces 1528,48.84213393474369,2.320317050995015
COMMERCES_1529,Commerces 1529,48.83373424566821,2.351122105213056
COMMERCES_1530,Commerces 1530,48.831226935352895,2.3540169909309037
COMMERCES_1531,Commerces 1531,48.829335345482264,2.3187460920084115
COMMERCES_1532,Commerces 1532,48.833531780329515,2.3088141964333264
COMMERCES_1533,Commerces 1533,48.82015114862166,2.366190317688885
COMMERCES_1534,Commerces 1534,48.85107374655105,2.3766779911297062
COMMERCES_1535,Commerces 1535,48.824488405453,2.2737749930958886
COMMERCES_1536,Commerces 1536,48.88672731227973,2.296675305183182
COMMERCES_1537,Commerces 1537,48.89351337654425,2.377055207777276
COMMERCES_1538,Commerces 1538,48.882957302347144,2.392019510544927
COMMERCES_1539,Commerces 1539,48.892024597863156,2.354516853361195
COMMERCES_1540,Commerces 1540,48.86061904750717,2.360841788522007
COMMERCES_1541,Commerces 1541,48.83102229444485,2.326424536047032
COMMERCES_1542,Commerces 1542,48.81781153120768,2.303230975943098
COMMERCES_1543,Commerces 1543,48.831304179610605,2.329928634308429
COMMERCES_1544,Commerces 1544,48.82153766207415,2.411073330884279
COMMERCES_1545,Commerces 1545,48.85449625396713,2.3346085909519614
COMMERCES_1546,Commerces 1546,48.8257736556754,2.4294801858127366
COMMERCES_1547,Commerces 1547,48.83414168092806,2.3625681862906043
COMMERCES_1548,Commerces 1548,48.875907854422046,2.3543416026121564
COMMERCES_1549,Commerces 1549,48.85351324069254,2.2723263119598056
COMMERCES_1550,Commerces 1550,48.844132634154995,2.297925084456284
COMMERCES_1551,Commerces 1551,48.82557249543902,2.4279447944268795
COMMERCES_1552,Commerces 1552,48.88022472079618,2.37219201262036
COMMERCES_1553,Commerces 1553,48.850687603552224,2.3452711960462573
COMMERCES_1554,Commerces 1554,48.86832796449834,2.3001814282752915
COMMERCES_1555,Commerces 1555,48.822096808513415,2.2881907111462367
COMMERCES_1556,Commerces 1556,48.88408560875245,2.337760273311711
COMMERCES_1557,Commerces 1557,48.829589723352235,2.3574738201972325
COMMERCES_1558,Commerces 1558,48.86217027320933,2.336644426736742
COMMERCES_1559,Commerces 1559,48.86747852612772,2.3963559753102057
COMMERCES_1560,Commerces 1560,48.865102137906796,2.3542275591751993
COMMERCES_1561,Commerces 1561,48.84171684394826,2.3891210051803853
COMMERCES_1562,Commerces 1562,48.893306105838576,2.3500673079250154
COMMERCES_1563,Commerces 1563,48.896476046580574,2.3112981741928262
COMMERCES_1564,Commerces 1564,48.83024982463079,2.388787402864267
COMMERCES_1565,Commerces 1565,48.87314589616931,2.2810334571937547
COMMERCES_1566,Commerces 1566,48.84393032854385,2.403586964493123
COMMERCES_1567,Commerces 1567,48.82007367804969,2.3026182866180247
COMMERCES_1568,Commerces 1568,48.827836097405786,2.4093654012620087
COMMERCES_1569,Commerces 1569,48.84951736477106,2.4049082763761738
COMMERCES_1570,Commerces 1570,48.84534558109149,2.3745285107113703
COMMERCES_1571,Commerces 1571,48.837765515968975,2.3258346516798305
COMMERCES_1572,Commerces 1572,48.867688269394755,2.4285868828032693
COMMERCES_1573,Commerces 1573,48.8930601795573,2.3847560296602723
COMMERCES_1574,Commerces 1574,48.88997298635618,2.395227467139879
COMMERCES_1575,Commerces 1575,48.81700641170465,2.4283932742835432
COMMERCES_1576,Commerces 1576,48.88630563760427,2.294949510169095
COMMERCES_1577,Commerces 1577,48.849002380122606,2.3451500755390304
COMMERCES_1578,Commerces 1578,48.86921552938618,2.2882933886478645
COMMERCES_1579,Commerces 1579,48.84838355861844,2.398376310441714
COMMERCES_1580,Commerces 1580,48.86744599864524,2.327643179176573
COMMERCES_1581,Commerces 1581,48.84914507343225,2.3950209036541095
COMMERCES_1582,Commerces 1582,48.824638543697034,2.4308181893561924
COMMERCES_1583,Commerces 1583,48.83556271249849,2.3138784101244343
COMMERCES_1584,Commerces 1584,48.833226782624166,2.2765581126988406
COMMERCES_1585,Commerces 1585,48.8943420791917,2.355318549076232
COMMERCES_1586,Commerces 1586,48.83075138925497,2.3226862369907986
COMMERCES_1587,Commerces 1587,48.868854788027896,2.3520121520150665
COMMERCES_1588,Commerces 1588,48.82056365690235,2.3790066088151236
COMMERCES_1589,Commerces 1589,48.83382392946797,2.2906169446102824
COMMERCES_1590,Commerces 1590,48.837504386922035,2.3533605671455637
COMMERCES_1591,Commerces 1591,48.87245135185148,2.37713709167793
COMMERCES_1592,Commerces 1592,48.87803922554395,2.4044129540346506
COMMERCES_1593,Commerces 1593,48.8717896901461,2.3733390536042873
COMMERCES_1594,Commerces 1594,48.858674475792924,2.4137327064186103
COMMERCES_1595,Commerces 1595,48.835209590600165,2.417109799081557
COMMERCES_1596,Commerces 1596,48.89598827804717,2.3202763002215776
COMMERCES_1597,Commerces 1597,48.828582880073846,2.311674698637672
COMMERCES_1598,Commerces 1598,48.821982518782114,2.4058411605936447
COMMERCES_1599,Commerces 1599,48.88476028074771,2.4198251740178205
COMMERCES_1600,Commerces 1600,48.83013451738289,2.334075822355065
COMMERCES_1601,Commerces 1601,48.843300904027,2.3394534301756065
COMMERCES_1602,Commerces 1602,48.84302566827525,2.2900936737095945
COMMERCES_1603,Commerces 1603,48.87121688644725,2.290389228368454
COMMERCES_1604,Commerces 1604,48.880455922601776,2.309882003089517
COMMERCES_1605,Commerces 1605,48.82989565180278,2.423505448097446
COMMERCES_1606,Commerces 1606,48.853170760170194,2.3976496073615343
COMMERCES_1607,Commerces 1607,48.8740660855377,2.3749874530326776
COMMERCES_1608,Commerces 1608,48.83558112869502,2.4252215567954636
COMMERCES_1609,Commerces 1609,48.863502168417725,2.348547490114931
COMMERCES_1610,Commerces 1610,48.832590977849165,2.3612376792744563
COMMERCES_1611,Commerces 1611,48.884438591763136,2.388284765633291
COMMERCES_1612,Commerces 1612,48.876657803035876,2.390194357729425
COMMERCES_1613,Commerces 1613,48.854976632793466,2.384585190233448
COMMERCES_1614,Commerces 1614,48.8897657586297,2.385818439523623
COMMERCES_1615,Commerces 1615,48.825876435222334,2.2862335891574603
COMMERCES_1616,Commerces 1616,48.82185205111233,2.2803053439197987
COMMERCES_1617,Commerces 1617,48.830561683827206,2.382952448413554
COMMERCES_1618,Commerces 1618,48.84996843311117,2.291749960245318
COMMERCES_1619,Commerces 1619,48.844781001267705,2.310732020659226
COMMERCES_1620,Commerces 1620,48.88042692222562,2.373970660602351
COMMERCES_1621,Commerces 1621,48.851969978363535,2.27851769451216
COMMERCES_1622,Commerces 1622,48.834667232689334,2.3269199697592895
COMMERCES_1623,Commerces 1623,48.83654020632102,2.2983256905261817
COMMERCES_1624,Commerces 1624,48.8435590955239,2.308743276980852
COMMERCES_1625,Commerces 1625,48.84156371771849,2.3077964697507745
COMMERCES_1626,Commerces 1626,48.89264340159763,2.3014474713901016
COMMERCES_1627,Commerces 1627,48.8451987312573,2.307814015172515
COMMERCES_1628,Commerces 1628,48.88395129196917,2.428606703491479
COMMERCES_1629,Commerces 1629,48.884170586505604,2.304463552772752
COMMERCES_1630,Commerces 1630,48.87438041043687,2.3999318372765597
COMMERCES_1631,Commerces 1631,48.85170405096174,2.3248417962543306
COMMERCES_1632,Commerces 1632,48.84434278437306,2.409788894320681
COMMERCES_1633,Commerces 1633,48.86060640759147,2.3362081917890576
COMMERCES_1634,Commerces 1634,48.888667045865944,2.317354759409103
COMMERCES_1635,Commerces 1635,48.88522024945842,2.4213491535181992
COMMERCES_1636,Commerces 1636,48.87858118641984,2.3902629100764625
COMMERCES_1637,Commerces 1637,48.852706859936916,2.3318525095372253
COMMERCES_1638,Commerces 1638,48.81708586300113,2.4252023644452088
COMMERCES_1639,Commerces 1639,48.837690481665746,2.3720130289845
COMMERCES_1640,Commerces 1640,48.835244264634916,2.340305026143641
COMMERCES_1641,Commerces 1641,48.843361869813165,2.4145284828351685
COMMERCES_1642,Commerces 1642,48.855436661118745,2.3239320022392858
COMMERCES_1643,Commerces 1643,48.863612655062646,2.393535822549586
COMMERCES_1644,Commerces 1644,48.84302020863988,2.3520567682329876
COMMERCES_1645,Commerces 1645,48.86532628479168,2.314153189725052
COMMERCES_1646,Commerces 1646,48.8745279243747,2.387177388508241
COMMERCES_1647,Commerces 1647,48.86432774284445,2.3019122038600677
COMMERCES_1648,Commerces 1648,48.86456316747761,2.3292292037199958
COMMERCES_1649,Commerces 1649,48.8854852095544,2.380660444449911
COMMERCES_1650,Commerces 1650,48.88803755683979,2.3439558163628242
COMMERCES_1651,Commerces 1651,48.82842446976059,2.3567793627214972
COMMERCES_1652,Commerces 1652,48.843557031064535,2.272337305727015
COMMERCES_1653,Commerces 1653,48.85197952584958,2.421765504474057
COMMERCES_1654,Commerces 1654,48.83857904983162,2.3024577136783937
COMMERCES_1655,Commerces 1655,48.820686920833225,2.2871335629472105
COMMERCES_1656,Commerces 1656,48.828484843685416,2.404285887783602
COMMERCES_1657,Commerces 1657,48.827705784412984,2.3415587688528294
COMMERCES_1658,Commerces 1658,48.85727979332115,2.3591919718720047
COMMERCES_1659,Commerces 1659,48.855251538885696,2.3469353779137796
COMMERCES_1660,Commerces 1660,48.89434391670507,2.2785821865976623
COMMERCES_1661,Commerces 1661,48.87017680213739,2.279719320586193
COMMERCES_1662,Commerces 1662,48.87127013528665,2.379653703728082
COMMERCES_1663,Commerces 1663,48.82762339081288,2.402042956020255
COMMERCES_1664,Commerces 1664,48.8415390103076,2.3783792078579276
COMMERCES_1665,Commerces 1665,48.853494678037364,2.3617923168794075
COMMERCES_1666,Commerces 1666,48.886378454125314,2.3649563541477074
COMMERCES_1667,Commerces 1667,48.85234617834259,2.2756426380939385
COMMERCES_1668,Commerces 1668,48.826338495338696,2.29823982242766
COMMERCES_1669,Commerces 1669,48.82497490425781,2.3950893825540867
COMMERCES_1670,Commerces 1670,48.84330958480476,2.2868873923668627
COMMERCES_1671,Commerces 1671,48.87161658387126,2.335131015179174
COMMERCES_1672,Commerces 1672,48.83615395560212,2.3705650469603876
COMMERCES_1673,Commerces 1673,48.893629681306656,2.3341185386270413
COMMERCES_1674,Commerces 1674,48.88105213290632,2.394827346979123
COMMERCES_1675,Commerces 1675,48.88913039016178,2.3304626167395996
COMMERCES_1676,Commerces 1676,48.85323164755012,2.3886927520212824
COMMERCES_1677,Commerces 1677,48.878979421958014,2.371326444571373
COMMERCES_1678,Commerces 1678,48.868766277462385,2.3264005319759398
COMMERCES_1679,Commerces 1679,48.823743992208776,2.4303830204543124
COMMERCES_1680,Commerces 1680,48.82207506303372,2.375512000031555
COMMERCES_1681,Commerces 1681,48.84897034196208,2.4013459050126644
COMMERCES_1682,Commerces 1682,48.821752065586814,2.3708975699973873
COMMERCES_1683,Commerces 1683,48.86686112983678,2.351587583079363
COMMERCES_1684,Commerces 1684,48.84458045954676,2.4229456767166377
COMMERCES_1685,Commerces 1685,48.825519700637365,2.367292347080859
COMMERCES_1686,Commerces 1686,48.86145250683579,2.4235621402865117
COMMERCES_1687,Commerces 1687,48.83458696391732,2.321641210623174
COMMERCES_1688,Commerces 1688,48.85189985835512,2.2744443504840923
COMMERCES_1689,Commerces 1689,48.89401104337678,2.343190950430841
COMMERCES_1690,Commerces 1690,48.82951426388513,2.319499854207465
COMMERCES_1691,Commerces 1691,48.849898819299035,2.346919484262651
COMMERCES_1692,Commerces 1692,48.884511610638896,2.405920050788371
COMMERCES_1693,Commerces 1693,48.87663111896461,2.2994139292469615
COMMERCES_1694,Commerces 1694,48.86489804197612,2.375147144271317
COMMERCES_1695,Commerces 1695,48.854166938107554,2.346377816787272
COMMERCES_1696,Commerces 1696,48.84602989964998,2.3485558748985476
COMMERCES_1697,Commerces 1697,48.88551467416549,2.3462225417770246
COMMERCES_1698,Commerces 1698,48.867454182525684,2.3786912006762924
COMMERCES_1699,Commerces 1699,48.875161487505736,2.357694066662893
COMMERCES_1700,Commerces 1700,48.82512384717829,2.3693248616791673
COMMERCES_1701,Commerces 1701,48.844860339144624,2.4026839235843664
COMMERCES_1702,Commerces 1702,48.83880305990369,2.4107298398399397
COMMERCES_1703,Commerces 1703,48.83657718632298,2.33083237257646
COMMERCES_1704,Commerces 1704,48.86734975438257,2.4243960480259585
COMMERCES_1705,Commerces 1705,48.88861129828981,2.4178185912941554
COMMERCES_1706,Commerces 1706,48.8281554845212,2.375239710078439
COMMERCES_1707,Commerces 1707,48.852011657189436,2.285280336412928
COMMERCES_1708,Commerces 1708,48.84188273332817,2.339734957110684
COMMERCES_1709,Commerces 1709,48.8846904712628,2.370937719415394
COMMERCES_1710,Commerces 1710,48.81939521556874,2.431235484800495
COMMERCES_1711,Commerces 1711,48.81763049512107,2.366879127148962
COMMERCES_1712,Commerces 1712,48.86032486922282,2.3730396002027017
COMMERCES_1713,Commerces 1713,48.83857801633154,2.3952624630002015
COMMERCES_1714,Commerces 1714,48.86884421995586,2.4152575943442645
COMMERCES_1715,Commerces 1715,48.83005780858982,2.338886821984066
COMMERCES_1716,Commerces 1716,48.893990093257045,2.418601699580658
COMMERCES_1717,Commerces 1717,48.85743623977723,2.340490670778927
COMMERCES_1718,Commerces 1718,48.894034555860635,2.332272207769723
COMMERCES_1719,Commerces 1719,48.86139357814808,2.3620426421209713
COMMERCES_1720,Commerces 1720,48.840535418133875,2.425420335381388
COMMERCES_1721,Commerces 1721,48.89190792355275,2.4104481009761383
COMMERCES_1722,Commerces 1722,48.83419865933403,2.2903446005232673
COMMERCES_1723,Commerces 1723,48.896470365589046,2.2838798812622905
COMMERCES_1724,Commerces 1724,48.841712665535866,2.4048086308339873
COMMERCES_1725,Commerces 1725,48.817814741337614,2.3171656700028853
COMMERCES_1726,Commerces 1726,48.86172072748139,2.354523112565324
COMMERCES_1727,Commerces 1727,48.8735265186114,2.3342058903213547
COMMERCES_1728,Commerces 1728,48.888580868633454,2.3052934858687384
COMMERCES_1729,Commerces 1729,48.88718541755356,2.2870722430563073
COMMERCES_1730,Commerces 1730,48.85610960064089,2.3025327013285906
COMMERCES_1731,Commerces 1731,48.868276370832916,2.4096872448070945
COMMERCES_1732,Commerces 1732,48.8200251536256,2.4193480034948807
COMMERCES_1733,Commerces 1733,48.88933467818305,2.421087873974453
COMMERCES_1734,Commerces 1734,48.880396756926594,2.285123668364621
COMMERCES_1735,Commerces 1735,48.844112318004015,2.3471189638514205
COMMERCES_1736,Commerces 1736,48.87436014392907,2.339854786052542
COMMERCES_1737,Commerces 1737,48.868646593266774,2.3532827881130367
COMMERCES_1738,Commerces 1738,48.82522825578322,2.3954888571341053
COMMERCES_1739,Commerces 1739,48.87740713038434,2.422464123021129
COMMERCES_1740,Commerces 1740,48.82426238231289,2.3772110367097636
COMMERCES_1741,Commerces 1741,48.842421842294065,2.385478820718051
COMMERCES_1742,Commerces 1742,48.88101867421873,2.375617235931364
COMMERCES_1743,Commerces 1743,48.889745894170126,2.3493586815054437
COMMERCES_1744,Commerces 1744,48.87563009126331,2.298297921585055
COMMERCES_1745,Commerces 1745,48.85672994429941,2.323716627761179
COMMERCES_1746,Commerces 1746,48.82145413278653,2.3258171653552653
COMMERCES_1747,Commerces 1747,48.83763013985055,2.3994596307918195
COMMERCES_1748,Commerces 1748,48.82897138466744,2.4200083227487514
COMMERCES_1749,Commerces 1749,48.81703838412522,2.4283405675141556
COMMERCES_1750,Commerces 1750,48.823124932891716,2.3559355330891587
COMMERCES_1751,Commerces 1751,48.86562454524,2.4242683801501217
COMMERCES_1752,Commerces 1752,48.88554404451867,2.378281983866752
COMMERCES_1753,Commerces 1753,48.879806137928945,2.373107898092759
COMMERCES_1754,Commerces 1754,48.836802803793525,2.287128211650561
COMMERCES_1755,Commerces 1755,48.8947593500457,2.347192199610391
COMMERCES_1756,Commerces 1756,48.86820696565927,2.375137060719601
COMMERCES_1757,Commerces 1757,48.89549981076097,2.3727546706955005
COMMERCES_1758,Commerces 1758,48.875039200206054,2.279054455447079
COMMERCES_1759,Commerces 1759,48.836271540206916,2.3405369950732626
COMMERCES_1760,Commerces 1760,48.86480391149435,2.2939411605890387
COMMERCES_1761,Commerces 1761,48.87456447448941,2.345483747066348
COMMERCES_1762,Commerces 1762,48.836228392581944,2.369481340863949
COMMERCES_1763,Commerces 1763,48.82430343417185,2.2925445607145902
COMMERCES_1764,Commerces 1764,48.86554681374877,2.308297042315093
COMMERCES_1765,Commerces 1765,48.883819300303585,2.2840486608149195
COMMERCES_1766,Commerces 1766,48.8581736981028,2.3680428420779074
COMMERCES_1767,Commerces 1767,48.87302999646453,2.3777724159321436
COMMERCES_1768,Commerces 1768,48.833550263506744,2.3132198088572378
COMMERCES_1769,Commerces 1769,48.819809128324756,2.3898980819518725
COMMERCES_1770,Commerces 1770,48.894827550465045,2.4199506095597596
COMMERCES_1771,Commerces 1771,48.85554748091114,2.431598444649266
COMMERCES_1772,Commerces 1772,48.88478563190468,2.397421838723641
COMMERCES_1773,Commerces 1773,48.832581027545054,2.373309049673692
COMMERCES_1774,Commerces 1774,48.84071123513018,2.3425315928623167
COMMERCES_1775,Commerces 1775,48.83688763690868,2.352570469914144
COMMERCES_1776,Commerces 1776,48.81784935964346,2.371971406001235
COMMERCES_1777,Commerces 1777,48.89175907666548,2.3802626862929688
COMMERCES_1778,Commerces 1778,48.88202663761873,2.3206965386816742
COMMERCES_1779,Commerces 1779,48.83606831283053,2.300846942283245
COMMERCES_1780,Commerces 1780,48.89513093161648,2.3646046832030474
COMMERCES_1781,Commerces 1781,48.82784847566736,2.408508214140429
COMMERCES_1782,Commerces 1782,48.874983290440476,2.396297673148438
COMMERCES_1783,Commerces 1783,48.8696931807227,2.2892615719166596
COMMERCES_1784,Commerces 1784,48.843469082938775,2.2958438098939835
COMMERCES_1785,Commerces 1785,48.86399746528264,2.301712664391622
COMMERCES_1786,Commerces 1786,48.84225549826402,2.411287251366446
COMMERCES_1787,Commerces 1787,48.840904066118995,2.351742624514813
COMMERCES_1788,Commerces 1788,48.83654537284402,2.326622386546957
COMMERCES_1789,Commerces 1789,48.88739312507873,2.419697130376188
COMMERCES_1790,Commerces 1790,48.862080733754794,2.3391358074105613
COMMERCES_1791,Commerces 1791,48.88087180468006,2.384400856503155
COMMERCES_1792,Commerces 1792,48.88184853954003,2.356888113590218
COMMERCES_1793,Commerces 1793,48.86791331999808,2.3389976995115696
COMMERCES_1794,Commerces 1794,48.82226252197762,2.353806908928481
COMMERCES_1795,Commerces 1795,48.842023737319444,2.3498436488118224
COMMERCES_1796,Commerces 1796,48.861514447643,2.290483934058604
COMMERCES_1797,Commerces 1797,48.87814216340456,2.3080801991040114
COMMERCES_1798,Commerces 1798,48.889794881157684,2.323685437785045
COMMERCES_1799,Commerces 1799,48.88541708675754,2.288653223405214
COMMERCES_1800,Commerces 1800,48.83813858474065,2.287183290654758
COMMERCES_1801,Commerces 1801,48.84805587704219,2.3810042526913318
COMMERCES_1802,Commerces 1802,48.87460673399655,2.3253580199801047
COMMERCES_1803,Commerces 1803,48.87857933387033,2.2894398887159757
COMMERCES_1804,Commerces 1804,48.84021583092974,2.386869528968642
COMMERCES_1805,Commerces 1805,48.83330291958376,2.429029880295766
COMMERCES_1806,Commerces 1806,48.82776262621305,2.3002810424769673
COMMERCES_1807,Commerces 1807,48.840520550923955,2.311715703330348
COMMERCES_1808,Commerces 1808,48.88732723650908,2.31719006074074
COMMERCES_1809,Commerces 1809,48.840459841013896,2.3497358501730456
COMMERCES_1810,Commerces 1810,48.844858637448375,2.28729440696989
COMMERCES_1811,Commerces 1811,48.88659916228317,2.389540866430685
COMMERCES_1812,Commerces 1812,48.875455280341285,2.3907587746658905
COMMERCES_1813,Commerces 1813,48.88551817986694,2.3778925785468688
COMMERCES_1814,Commerces 1814,48.8754733024957,2.4054241468109554
COMMERCES_1815,Commerces 1815,48.83308754660693,2.35718239438832
COMMERCES_1816,Commerces 1816,48.84432440810675,2.357276817293604
COMMERCES_1817,Commerces 1817,48.893075182915645,2.4003397435035283
COMMERCES_1818,Commerces 1818,48.84045349081453,2.3006510394555195
COMMERCES_1819,Commerces 1819,48.84280209326321,2.3048118835490214
COMMERCES_1820,Commerces 1820,48.89552675097386,2.4288876411199136
COMMERCES_1821,Commerces 1821,48.84377070378984,2.338992083797727
COMMERCES_1822,Commerces 1822,48.84206576646395,2.3259652219617837
COMMERCES_1823,Commerces 1823,48.844769955717865,2.4267646268497205
COMMERCES_1824,Commerces 1824,48.888420236739016,2.276548449521032
COMMERCES_1825,Commerces 1825,48.87165751224535,2.3608659694126204
COMMERCES_1826,Commerces 1826,48.818927783953065,2.2728198195367177
COMMERCES_1827,Commerces 1827,48.827569051853615,2.359636940147356
COMMERCES_1828,Commerces 1828,48.82242021380621,2.3857479084446322
COMMERCES_1829,Commerces 1829,48.84206032103297,2.310506736780447
COMMERCES_1830,Commerces 1830,48.85287157147076,2.3647130617911283
COMMERCES_1831,Commerces 1831,48.86972678733982,2.293523565891749
COMMERCES_1832,Commerces 1832,48.82635933989534,2.4077902494897465
COMMERCES_1833,Commerces 1833,48.81862947530534,2.339876602225651
COMMERCES_1834,Commerces 1834,48.83994074449802,2.356839265159275
COMMERCES_1835,Commerces 1835,48.88341985847423,2.303157644030753
COMMERCES_1836,Commerces 1836,48.875502420766594,2.356396447077633
COMMERCES_1837,Commerces 1837,48.854532549276286,2.4106945678718392
COMMERCES_1838,Commerces 1838,48.82116022460534,2.359192873275154
COMMERCES_1839,Commerces 1839,48.86980084954122,2.3316288118750492
COMMERCES_1840,Commerces 1840,48.84686989930376,2.402599788249487
COMMERCES_1841,Commerces 1841,48.82610455987397,2.283455326987601
COMMERCES_1842,Commerces 1842,48.880280133219436,2.3340315225425172
COMMERCES_1843,Commerces 1843,48.86472437615187,2.348869470578342
COMMERCES_1844,Commerces 1844,48.873874724206566,2.3686377647894066
COMMERCES_1845,Commerces 1845,48.8459745982098,2.291452007819592
COMMERCES_1846,Commerces 1846,48.83866888008498,2.2971890110148507
COMMERCES_1847,Commerces 1847,48.890151318440196,2.3691542342095113
COMMERCES_1848,Commerces 1848,48.85270441805303,2.41005859959774
COMMERCES_1849,Commerces 1849,48.863515859327975,2.360120855539086
COMMERCES_1850,Commerces 1850,48.893252758832695,2.330629334180133
COMMERCES_1851,Commerces 1851,48.83393422939425,2.297815795406159
COMMERCES_1852,Commerces 1852,48.89119140621418,2.28118071530909
COMMERCES_1853,Commerces 1853,48.859869323648134,2.425817658470413
COMMERCES_1854,Commerces 1854,48.88864872367563,2.386083216202509
COMMERCES_1855,Commerces 1855,48.81953744751182,2.3678289515371516
COMMERCES_1856,Commerces 1856,48.86787187311422,2.4006132193029135
COMMERCES_1857,Commerces 1857,48.871453223966235,2.2735071725016427
COMMERCES_1858,Commerces 1858,48.85188487589655,2.3100849269229933
COMMERCES_1859,Commerces 1859,48.83649864026403,2.272294554964716
COMMERCES_1860,Commerces 1860,48.852054188831055,2.430853017419116
COMMERCES_1861,Commerces 1861,48.838310696831684,2.279394685325849
COMMERCES_1862,Commerces 1862,48.84477051614992,2.365171817044711
COMMERCES_1863,Commerces 1863,48.85723528042236,2.4241579722606286
COMMERCES_1864,Commerces 1864,48.871618060905156,2.316529628192397
COMMERCES_1865,Commerces 1865,48.845296750486234,2.2939883090260946
COMMERCES_1866,Commerces 1866,48.88351302722883,2.3311460390991456
COMMERCES_1867,Commerces 1867,48.827602867205606,2.38114453827857
COMMERCES_1868,Commerces 1868,48.83203375692816,2.2916360850789217
COMMERCES_1869,Commerces 1869,48.88266325293934,2.3820207844021106
COMMERCES_1870,Commerces 1870,48.83382508200181,2.3952129931551025
COMMERCES_1871,Commerces 1871,48.89543621838039,2.4179662029756517
COMMERCES_1872,Commerces 1872,48.863028443218596,2.3161322817940744
COMMERCES_1873,Commerces 1873,48.84399388678365,2.3641484749530997
COMMERCES_1874,Commerces 1874,48.832213021735,2.377167896869236
COMMERCES_1875,Commerces 1875,48.856507242132295,2.3278751379595333
COMMERCES_1876,Commerces 1876,48.82720814404844,2.3304392322942564
COMMERCES_1877,Commerces 1877,48.82649542204803,2.375113608806252
COMMERCES_1878,Commerces 1878,48.87272147650465,2.281797912472865
COMMERCES_1879,Commerces 1879,48.84808235152098,2.3139829230870252
COMMERCES_1880,Commerces 1880,48.88220590017336,2.3460554778477745
COMMERCES_1881,Commerces 1881,48.88333068023607,2.3774186017143775
COMMERCES_1882,Commerces 1882,48.85741683103364,2.3127954737798104
COMMERCES_1883,Commerces 1883,48.87486347453825,2.2781433705582743
COMMERCES_1884,Commerces 1884,48.849399416122324,2.2913176625428635
COMMERCES_1885,Commerces 1885,48.84769285084725,2.352815049547549
COMMERCES_1886,Commerces 1886,48.86693403926201,2.2829610990312306
COMMERCES_1887,Commerces 1887,48.828305521618276,2.3344857618121435
COMMERCES_1888,Commerces 1888,48.8645329994452,2.334407304286882
COMMERCES_1889,Commerces 1889,48.85322645829606,2.3972960657458855
COMMERCES_1890,Commerces 1890,48.8596500607042,2.377633379325457
COMMERCES_1891,Commerces 1891,48.87912118632727,2.2795241468636087
COMMERCES_1892,Commerces 1892,48.86443972068177,2.3859039454457176
COMMERCES_1893,Commerces 1893,48.83164084398541,2.414242396911952
COMMERCES_1894,Commerces 1894,48.851749775690905,2.387002217129079
COMMERCES_1895,Commerces 1895,48.81852764705963,2.31583554776433
COMMERCES_1896,Commerces 1896,48.88471442624587,2.401234026835781
COMMERCES_1897,Commerces 1897,48.88517388481531,2.3647588320176496
COMMERCES_1898,Commerces 1898,48.86456722331569,2.3585133555729
COMMERCES_1899,Commerces 1899,48.83697374322197,2.378938056304526
COMMERCES_1900,Commerces 1900,48.87451614710335,2.276202458633292
COMMERCES_1901,Commerces 1901,48.82075307416256,2.2834530253859406
COMMERCES_1902,Commerces 1902,48.88120258717684,2.274505825483473
COMMERCES_1903,Commerces 1903,48.825957229599304,2.3342127586598624
COMMERCES_1904,Commerces 1904,48.834958755169986,2.3876464429376316
COMMERCES_1905,Commerces 1905,48.84312968246593,2.3424374320180035
COMMERCES_1906,Commerces 1906,48.83268227863363,2.3208729309608533
COMMERCES_1907,Commerces 1907,48.849091355304864,2.2937034580529203
COMMERCES_1908,Commerces 1908,48.81998374108432,2.37976047273708
COMMERCES_1909,Commerces 1909,48.861226301456895,2.2831076624710476
COMMERCES_1910,Commerces 1910,48.8188261195079,2.3778002365154705
COMMERCES_1911,Commerces 1911,48.857816135969664,2.2900294726345356
COMMERCES_1912,Commerces 1912,48.84188605101808,2.2862555812448684
COMMERCES_1913,Commerces 1913,48.88111070493322,2.297560915086325
COMMERCES_1914,Commerces 1914,48.85007350896029,2.4225912765041686
COMMERCES_1915,Commerces 1915,48.86561574550603,2.3901808946876533
COMMERCES_1916,Commerces 1916,48.84209441700929,2.4078040515855434
COMMERCES_1917,Commerces 1917,48.84545446817846,2.2790497163072336
COMMERCES_1918,Commerces 1918,48.85388696885581,2.2933701404233897
COMMERCES_1919,Commerces 1919,48.839530806624786,2.2932814344517705
COMMERCES_1920,Commerces 1920,48.82127201076815,2.3697525761982554
COMMERCES_1921,Commerces 1921,48.87121843306803,2.3547764905429056
COMMERCES_1922,Commerces 1922,48.85365252272189,2.379912253984042
COMMERCES_1923,Commerces 1923,48.84017201345086,2.3961003234929312
COMMERCES_1924,Commerces 1924,48.84621920392864,2.4036238323904464
COMMERCES_1925,Commerces 1925,48.823262590352954,2.3546369356543644
COMMERCES_1926,Commerces 1926,48.85519439016734,2.3650104934249128
COMMERCES_1927,Commerces 1927,48.843457622781415,2.4305900691481144
COMMERCES_1928,Commerces 1928,48.85909026056966,2.3688414819080688
COMMERCES_1929,Commerces 1929,48.88809229570019,2.3197459431198624
COMMERCES_1930,Commerces 1930,48.86591784010189,2.420635301979219
COMMERCES_1931,Commerces 1931,48.842450959268675,2.3800920834980563
COMMERCES_1932,Commerces 1932,48.83724346529745,2.423945171113855
COMMERCES_1933,Commerces 1933,48.827792926405486,2.385063482136501
COMMERCES_1934,Commerces 1934,48.82827158435266,2.320411653203398
COMMERCES_1935,Commerces 1935,48.860743135232994,2.3756082559372516
COMMERCES_1936,Commerces 1936,48.82856345380965,2.274737504286239
COMMERCES_1937,Commerces 1937,48.89096256180494,2.3967524356709173
COMMERCES_1938,Commerces 1938,48.832317250055596,2.325010226400875
COMMERCES_1939,Commerces 1939,48.88393477719692,2.384000575027259
COMMERCES_1940,Commerces 1940,48.88171025967308,2.3062292186522044
COMMERCES_1941,Commerces 1941,48.888139877393606,2.3463269603839345
COMMERCES_1942,Commerces 1942,48.82845869092766,2.3575988438780326
COMMERCES_1943,Commerces 1943,48.85398148799979,2.2730111713248715
COMMERCES_1944,Commerces 1944,48.8385468159881,2.3583774006974476
COMMERCES_1945,Commerces 1945,48.83183146726829,2.301771225237339
COMMERCES_1946,Commerces 1946,48.86689964692819,2.3138308581359324
COMMERCES_1947,Commerces 1947,48.860384443007696,2.386560886568709
COMMERCES_1948,Commerces 1948,48.8722989041904,2.317062393322743
COMMERCES_1949,Commerces 1949,48.82427261524823,2.4078924772520733
COMMERCES_1950,Commerces 1950,48.874291514005705,2.2911478903206435
COMMERCES_1951,Commerces 1951,48.856745827745506,2.3010546485596883
COMMERCES_1952,Commerces 1952,48.83103421118049,2.3208093015481244
COMMERCES_1953,Commerces 1953,48.84377811387053,2.420467143267984
COMMERCES_1954,Commerces 1954,48.88971385907482,2.426079398075899
COMMERCES_1955,Commerces 1955,48.8605128675802,2.3951984402503825
COMMERCES_1956,Commerces 1956,48.891413175646015,2.3545614050329298
COMMERCES_1957,Commerces 1957,48.866706970806014,2.3290065503667217
COMMERCES_1958,Commerces 1958,48.86970568152297,2.379118228234459
COMMERCES_1959,Commerces 1959,48.86259579970579,2.2909020584223256
COMMERCES_1960,Commerces 1960,48.87571977129009,2.330363866950437
COMMERCES_1961,Commerces 1961,48.83776272131287,2.4095949679413136
COMMERCES_1962,Commerces 1962,48.85556683819811,2.370599086623507
COMMERCES_1963,Commerces 1963,48.83400236888435,2.3306156833302407
COMMERCES_1964,Commerces 1964,48.83047435536501,2.3770307391867265
COMMERCES_1965,Commerces 1965,48.87213119809683,2.288101923309154
COMMERCES_1966,Commerces 1966,48.82856399180102,2.3985782920874748
COMMERCES_1967,Commerces 1967,48.85796123922067,2.3302475740203463
COMMERCES_1968,Commerces 1968,48.86822863094611,2.3795253579522617
COMMERCES_1969,Commerces 1969,48.82800509084559,2.3293581097421514
COMMERCES_1970,Commerces 1970,48.88526758064471,2.4236277982052803
COMMERCES_1971,Commerces 1971,48.86453111554805,2.3177687216228624
COMMERCES_1972,Commerces 1972,48.889505539966365,2.3623924470156954
COMMERCES_1973,Commerces 1973,48.85429769083432,2.395637692552682
COMMERCES_1974,Commerces 1974,48.84329251537029,2.4077861503254603
COMMERCES_1975,Commerces 1975,48.8654857943617,2.3970090717643893
COMMERCES_1976,Commerces 1976,48.84698280646964,2.4155595996941113
COMMERCES_1977,Commerces 1977,48.82538529551378,2.3461334221109915
COMMERCES_1978,Commerces 1978,48.86676607936114,2.324721549262731
COMMERCES_1979,Commerces 1979,48.87915762367473,2.4145065814943973
COMMERCES_1980,Commerces 1980,48.8884199344183,2.348450197941754
COMMERCES_1981,Commerces 1981,48.86038761859586,2.405423590203608
COMMERCES_1982,Commerces 1982,48.86447815004756,2.399105049795802
COMMERCES_1983,Commerces 1983,48.825738924876966,2.2867037716629617
COMMERCES_1984,Commerces 1984,48.83124865312435,2.327353875638396
COMMERCES_1985,Commerces 1985,48.895638404059454,2.2897265588576903
COMMERCES_1986,Commerces 1986,48.846053141917594,2.4290427109626402
COMMERCES_1987,Commerces 1987,48.878665173828956,2.339473474161712
COMMERCES_1988,Commerces 1988,48.8709201644879,2.4085748615898375
COMMERCES_1989,Commerces 1989,48.8571477397489,2.33046957934095
COMMERCES_1990,Commerces 1990,48.86004148612075,2.353177054732691
COMMERCES_1991,Commerces 1991,48.855951918978214,2.3218006508347697
COMMERCES_1992,Commerces 1992,48.849765541549694,2.3593393878703135
COMMERCES_1993,Commerces 1993,48.88476976251021,2.3680666789515854
COMMERCES_1994,Commerces 1994,48.83246807556427,2.3364640092371567
COMMERCES_1995,Commerces 1995,48.83154647811078,2.337163714664787
COMMERCES_1996,Commerces 1996,48.869727685006175,2.4230273715438937
COMMERCES_1997,Commerces 1997,48.87641471040354,2.372456142587102
COMMERCES_1998,Commerces 1998,48.86144344833978,2.3479124977660506
COMMERCES_1999,Commerces 1999,48.882888444630105,2.3416727739648673
